,Ex-Showroom_Price,Displacement,Cylinders,Fuel_Tank_Capacity,Fuel_Type,Height,Length,Width,Body_Type,Doors,City_Mileage,Gears,Seating_Capacity,Type,Boot_Space,Number_of_Airbags
0,292667,624,2,4,Petrol,1652,3164,1750,Hatchback,5,23.6,4,4,Manual,110,0
1,236447,624,2,24,Petrol,1652,3164,1750,Hatchback,5,23.6,4,4,Manual,110,0
2,296661,624,2,15,CNG,1652,3164,1750,Hatchback,4,93.25,4,4,Manual,110,0
3,334768,624,2,24,Petrol,1652,3164,1750,Hatchback,5,23.6,5,4,Automatic,94,0
4,272223,624,2,24,Petrol,1652,3164,1750,Hatchback,5,23.6,4,4,Manual,110,0
5,314815,624,2,24,Petrol,1652,3164,1750,Hatchback,5,23.6,5,4,Automatic,94,0
6,279650,799,3,28,Petrol,1541,3429,1560,Hatchback,5,21.38,5,5,Manual,222,0
7,351832,799,3,28,Petrol,1541,3429,1560,Hatchback,5,21.38,5,5,Manual,222,0
8,333419,799,3,28,Petrol,1541,3429,1560,Hatchback,5,21.38,5,5,Manual,222,0
9,362000,799,3,28,Petrol,1541,3429,1560,Hatchback,5,21.38,5,5,Manual,222,0
10,390000,999,3,28,Petrol,1541,3429,1560,Hatchback,5,93.25,5,5,Manual,222,0
11,437065,999,3,28,Petrol,1541,3429,1560,Hatchback,5,93.25,5,5,Automatic,222,0
12,353290,799,3,28,Petrol,1490,3731,1579,Hatchback,5,25.17,6,5,Manual,300,1
13,283290,799,3,28,Petrol,1490,3731,1579,Hatchback,5,25.17,5,5,Manual,300,1
14,383290,799,3,28,Petrol,1490,3731,1579,Hatchback,5,25.17,5,5,Manual,300,1
15,413290,799,3,28,Petrol,1490,3731,1580,Hatchback,5,25.17,5,5,Manual,300,1
16,433290,999,3,28,Petrol,1490,3731,1579,Hatchback,5,25.17,5,5,Manual,300,1
17,454490,999,3,28,Petrol,1490,3731,1579,Hatchback,5,25.17,5,5,Manual,300,1
18,463290,999,3,28,Petrol,1490,3731,1579,Hatchback,5,25.17,5,5,Automatic,300,1
19,484490,999,3,28,Petrol,1490,3731,1579,Hatchback,5,25.17,5,5,Automatic,300,1
20,440990,999,3,28,Petrol,1490,3731,1579,Hatchback,5,25.17,5,5,Manual,300,2
21,470990,999,3,28,Petrol,1490,3731,1579,Hatchback,5,25.17,5,5,Automatic,300,2
22,462190,999,3,28,Petrol,1490,3731,1579,Hatchback,5,25.17,5,5,Manual,300,2
23,492190,999,3,28,Petrol,1490,3731,1579,Hatchback,5,25.17,5,5,Automatic,300,2
24,352136,1196,4,40,Petrol,1800,3675,1475,MPV,5,12,5,5,Manual,400,1
25,380573,1196,4,40,Petrol,1800,3675,1475,MPV,5,12,5,7,Manual,250,1
26,392967,1196,4,40,Petrol,1800,3675,1475,MPV,5,11,5,5,Manual,400,0
27,466057,1196,4,40,CNG,1800,3675,1475,MPV,5,93.25,5,5,Manual,400,1
28,425255,1196,4,40,CNG,1800,3675,1475,MPV,5,93.25,5,5,Manual,400,1
29,377588,998,3,35,Petrol,1475,3545,1490,Hatchback,5,14,5,5,Manual,177,1
30,394036,998,3,35,Petrol,1475,3545,1490,Hatchback,5,14,5,5,Manual,177,1
31,360843,998,3,35,Petrol,1475,3545,1490,Hatchback,5,19,5,5,Manual,177,1
32,407238,998,3,35,Petrol,1460,3620,1475,Hatchback,5,14,5,5,Manual,177,1
33,439777,998,3,35,CNG,1475,3545,1490,Hatchback,5,93.25,5,5,Manual,177,1
34,438559,998,3,35,Petrol,1475,3545,1490,Hatchback,5,14,5,5,Automatic,177,1
35,374990,1198,3,35,Petrol,1507,3788,1636,Hatchback,5,93.25,5,5,Manual,265,2
36,468229,1198,3,35,Petrol,1507,3788,1636,Hatchback,5,93.25,5,5,Manual,265,2
37,502492,1198,3,35,Petrol,1507,3788,1636,Hatchback,5,20.6,5,5,Manual,265,2
38,499990,1198,3,35,Petrol,1507,3788,1636,Hatchback,5,20.6,5,5,Manual,265,2
39,469990,1198,3,35,Petrol,1507,3788,1636,Hatchback,5,20.6,5,5,Manual,265,2
40,528464,1198,3,35,Petrol,1507,3788,1636,Hatchback,5,93.25,5,5,Manual,265,2
41,553015,1198,3,35,Petrol,1507,3788,1636,Hatchback,5,20.6,5,5,Manual,265,2
42,594464,1198,3,35,Petrol,1507,3788,1636,Hatchback,5,93.25,5,5,Manual,265,2
43,618015,1198,3,35,Petrol,1507,3788,1636,Hatchback,5,20.6,5,5,Manual,265,2
44,422444,998,3,35,Petrol,1560,3600,1600,Hatchback,5,23,5,5,Manual,235,2
45,480670,998,3,60,CNG,1560,3695,1600,Hatchback,5,93.25,5,5,Manual,235,2
46,429990,1086,4,35,Petrol,1560,3610,1645,Hatchback,4,93.25,5,5,Manual,389,1
47,503990,1086,4,35,Petrol,1560,3610,1645,Hatchback,4,93.25,5,5,Manual,389,1
48,547990,1086,4,35,CNG,1560,3610,1645,Hatchback,4,93.25,5,5,Manual,389,1
49,530990,1086,4,35,Petrol,1560,3610,1645,Hatchback,4,93.25,5,5,AMT,389,1
50,512990,1086,4,35,Petrol,1560,3610,1645,Hatchback,4,93.25,5,5,Manual,389,1
51,578990,1086,4,60,CNG,1560,3610,1645,Hatchback,4,93.25,5,5,Manual,389,1
52,570990,1086,4,35,Petrol,1560,3610,1645,Hatchback,4,93.25,5,5,AMT,389,1
53,556490,1086,4,35,Petrol,1560,3610,1645,Hatchback,4,93.25,5,5,Manual,389,2
54,460000,1199,3,35,Petrol,1535,3765,1677,Hatchback,5,93.25,5,5,Manual,389,2
55,520000,1199,3,35,Petrol,1535,3746,1647,Hatchback,5,23.84,5,5,Manual,242,2
56,570000,1199,3,35,Petrol,1535,3746,1647,Hatchback,5,23.84,5,5,Manual,242,2
57,599000,1199,3,35,Petrol,1535,3746,1647,Hatchback,5,23.84,5,5,Manual,242,2
58,610000,1199,3,35,Petrol,1535,3746,1647,Hatchback,5,23.84,5,5,Manual,242,2
59,620000,1199,3,35,Petrol,1535,3746,1647,Hatchback,5,23.84,5,5,AMT,240,2
60,649000,1199,3,35,Petrol,1535,3746,1647,Hatchback,5,23.84,5,5,AMT,240,2
61,660000,1199,3,35,Petrol,1535,3746,1647,Hatchback,5,23.84,5,5,AMT,240,2
62,481074,998,3,35,Petrol,1560,3600,1600,Hatchback,5,23,5,5,Manual,235,2
63,475198,998,3,35,Petrol,1560,3600,1600,Hatchback,5,23,5,5,Manual,235,1
64,518198,998,3,35,Petrol,1560,3600,1600,Hatchback,5,23,5,5,Automatic,235,1
65,524074,998,3,35,Petrol,1560,3600,1600,Hatchback,5,23,5,5,Automatic,235,2
66,499734,998,3,35,Petrol,1560,3600,1600,Hatchback,5,23,5,5,Manual,235,1
67,540350,998,3,35,Petrol,1560,3600,1600,Hatchback,5,23,5,5,Manual,235,2
68,542735,998,3,35,Petrol,1560,3600,1600,Hatchback,5,23,5,5,Automatic,235,1
69,552350,998,3,35,Petrol,1560,3600,1600,Hatchback,5,23,5,5,Automatic,235,2
70,713898,1197,4,32,Petrol,1595,3700,1690,Hatchback,5,20.89,5,5,AMT,260,2
71,666898,1197,4,32,Petrol,1595,3700,1690,Hatchback,5,20.89,5,5,Manual,260,2
72,607841,1197,4,32,Petrol,1595,3700,1690,Hatchback,5,20.89,5,5,AMT,260,2
73,560841,1197,4,32,Petrol,1595,3700,1690,Hatchback,5,20.89,5,5,Manual,260,2
74,483320,1197,4,32,Petrol,1595,3700,1690,Hatchback,5,20.89,5,5,Manual,260,2
75,630320,1197,4,32,Petrol,1595,3700,1690,Hatchback,5,15.1,5,5,AMT,260,2
76,583320,1197,4,32,Petrol,1595,3700,1690,Hatchback,5,20.89,5,5,Manual,260,2
77,495000,999,3,40,Petrol,1643,3990,1739,MUV,5,93.25,5,7,Manual,625,2
78,559000,999,3,40,Petrol,1643,3990,1739,MUV,5,93.25,5,7,Manual,625,2
79,609000,999,3,40,Petrol,1643,3990,1739,MUV,5,93.25,5,7,Manual,625,2
80,663000,999,3,40,Petrol,1643,3990,1739,MUV,5,93.25,5,7,Manual,625,4
81,506000,1173,4,46,Petrol,1730,3970,1570,SUV,5,13,5,5,Manual,454,0
82,568623,1489,4,46,Diesel,1730,3970,1570,SUV,5,12,5,5,Manual,454,0
83,670000,1173,4,46,Petrol,1730,3970,1570,SUV,5,13,5,5,Manual,454,0
84,603000,1489,4,46,Diesel,1730,3970,1570,SUV,5,12,5,5,Manual,454,0
85,739000,1489,4,46,Diesel,1730,3970,1570,SUV,5,12,5,5,Manual,454,0
86,739000,1248,4,46,Diesel,1730,3970,1570,SUV,5,20,5,5,Manual,454,0
87,520300,1197,4,45,Petrol,1510,3884,1695,Hatchback,5,15.1,5,5,Manual,251,2
88,581000,1197,4,45,Petrol,1510,3884,1695,Hatchback,5,15.1,5,5,Manual,251,2
89,647800,1364,4,45,Diesel,1510,3884,1695,Hatchback,5,20.3,5,5,Manual,251,2
90,630000,1197,4,45,Petrol,1510,3884,1695,Hatchback,5,15.1,5,5,Manual,251,2
91,745000,1364,4,45,Diesel,1510,3884,1695,Hatchback,5,20.3,5,5,Manual,251,2
92,704000,1364,4,45,Diesel,1510,3884,1695,Hatchback,5,20.3,5,5,Manual,251,2
93,597700,1197,4,45,Petrol,1510,3884,1695,Hatchback,5,15.1,5,5,Manual,251,2
94,720700,1364,4,45,Diesel,1510,3884,1695,Hatchback,5,20.3,5,5,Manual,251,2
95,641700,1197,4,45,Petrol,1510,3884,1695,Hatchback,5,15.1,5,5,Manual,251,2
96,756700,1364,4,45,Diesel,1510,3884,1695,Hatchback,5,20.3,5,5,Manual,251,2
97,558400,1197,4,45,Petrol,1510,3884,1695,Hatchback,5,15.1,5,5,Manual,251,2
98,686000,1364,4,45,Diesel,1510,3884,1695,Hatchback,5,20.3,5,5,Manual,251,2
99,662700,1197,4,45,Petrol,1510,3884,1695,Hatchback,5,15.1,5,5,Manual,251,2
100,777700,1364,4,45,Diesel,1510,3884,1695,Hatchback,5,20.3,5,5,Manual,251,2
101,525021,1198,3,41,Petrol,1530,3801,1665,Hatchback,5,93.25,5,5,Manual,251,2
102,599950,1198,3,41,Petrol,1530,3801,1665,Hatchback,5,19.49,5,5,Manual,251,2
103,563133,1198,3,41,Petrol,1530,3801,1665,Hatchback,5,93.25,5,5,Manual,251,2
104,787980,1248,4,44,Diesel,1562,3825,1695,Hatchback,5,2295,5,5,Manual,210,2
105,661111,1248,4,44,Diesel,1562,3825,1695,Hatchback,5,2295,5,5,Manual,210,0
106,693798,1248,4,44,Diesel,1562,3825,1695,Hatchback,5,2295,5,5,Manual,210,0
107,719661,1248,4,44,Diesel,1562,3825,1695,Hatchback,5,2295,5,5,Manual,210,2
108,674960,1193,4,44,Petrol,1562,3825,1695,Hatchback,5,1757,5,5,Manual,210,2
109,529035,1193,4,44,Petrol,1562,3825,1695,Hatchback,5,1757,5,5,Manual,210,0
110,590268,1193,4,44,Petrol,1562,3825,1695,Hatchback,5,1757,5,5,Manual,210,0
111,614515,1193,4,44,Petrol,1562,3825,1695,Hatchback,5,1757,5,5,Manual,210,2
112,556130,1197,4,43,CNG + Petrol,1520,3995,1660,Sedan,4,93.25,5,5,Manual,407,0
113,536859,1197,4,43,Petrol,1520,3995,1660,Sedan,4,93.25,5,5,Manual,407,0
114,556130,1197,4,43,Petrol,1520,3995,1660,Sedan,4,93.25,5,5,Manual,407,0
115,536859,1197,4,43,CNG + Petrol,1520,3995,1660,Sedan,4,93.25,5,5,Manual,407,0
116,639616,1197,4,43,Diesel,1520,3995,1660,Sedan,4,93.25,5,5,Manual,407,2
117,620297,1197,4,43,Diesel,1520,3995,1660,Sedan,4,93.25,5,5,Manual,407,2
118,653523,1248,4,42,Diesel,1555,3995,1695,Sedan,4,14.6,5,5,Manual,320,0
119,553423,1197,4,42,Petrol,1555,3995,1695,Sedan,4,16.3,5,5,Manual,316,0
120,598940,1197,4,42,CNG,1555,3995,1695,Sedan,4,93.25,5,5,Manual,316,0
121,559693,1197,4,45,Petrol,1505,3995,1710,Hatchback,5,13.3,5,5,Manual,285,2
122,697803,1396,4,45,Diesel,1505,3985,1734,Hatchback,5,18.4,6,5,Manual,285,2
123,634950,1197,4,45,Petrol,1505,3985,1734,Hatchback,5,13.3,5,5,Manual,285,2
124,770803,1396,4,45,Diesel,1505,3985,1734,Hatchback,5,18.4,6,5,Manual,285,2
125,721693,1197,4,45,Petrol,1505,3985,1734,Hatchback,5,13.3,5,5,Manual,285,2
126,876103,1396,4,45,Diesel,1505,3985,1734,Hatchback,5,18.4,6,5,Manual,285,2
127,808993,1197,4,45,Petrol,1505,3995,1734,Hatchback,5,13.3,5,5,Manual,285,6
128,934003,1396,4,45,Diesel,1505,3985,1734,Hatchback,5,18.4,6,5,Manual,285,6
129,920993,1197,4,45,Petrol,1505,3985,1734,Hatchback,5,13.3,5,5,Automatic,285,2
130,751693,1197,4,45,Petrol,1505,3985,1734,Hatchback,5,13.3,5,5,Manual,285,2
131,831693,1197,4,45,Petrol,1505,3985,1734,Hatchback,5,13.3,5,5,Manual,285,2
132,846103,1396,4,45,Diesel,1505,3985,1734,Hatchback,5,18.4,6,5,Manual,285,2
133,579900,1197,4,37,Petrol,1520,3995,1680,Sedan,5,93.25,5,5,Manual,389,2
134,655900,1197,4,37,Petrol,1520,3995,1680,Sedan,5,93.25,5,5,Manual,389,2
135,705800,1197,4,37,Petrol,1520,3995,1680,Sedan,5,93.25,5,5,Automatic,389,2
136,729900,1197,4,37,Petrol,1520,3995,1680,Sedan,5,93.25,5,5,Manual,389,2
137,804800,1197,4,37,Petrol,1520,3995,1680,Sedan,5,93.25,5,5,Automatic,389,2
138,785900,1197,4,37,Petrol,1520,3995,1680,Sedan,5,93.25,5,5,Manual,389,2
139,728900,1197,4,37,CNG + Petrol,1520,3995,1680,Sedan,5,93.25,5,5,Manual,389,2
140,854900,998,4,37,Petrol,1520,3995,1680,Sedan,5,93.25,5,5,Manual,389,2
141,773800,1186,4,37,Diesel,1520,3995,1680,Sedan,5,93.25,5,5,Manual,389,2
142,823700,1186,4,37,Diesel,1520,3995,1680,Sedan,5,93.25,5,5,Automatic,389,2
143,922700,1186,4,37,Diesel,1520,3995,1680,Sedan,5,93.25,5,5,Automatic,389,2
144,903800,1186,4,37,Diesel,1520,3995,1680,Sedan,5,93.25,5,5,Manual,389,2
145,582000,999,3,45,Petrol,1469,3971,1682,Hatchback,5,14,5,5,Manual,280,2
146,676500,999,3,45,Petrol,1469,3971,1682,Hatchback,5,14,5,5,Manual,280,2
147,776500,999,3,45,Petrol,1469,3971,1682,Hatchback,5,14,5,5,Manual,280,2
148,734500,1498,4,45,Diesel,1469,3971,1682,Hatchback,5,19,5,5,Manual,280,2
149,851500,1498,4,45,Diesel,1469,3971,1682,Hatchback,5,19,5,5,Manual,280,2
150,931500,1498,4,45,Diesel,1469,3971,1682,Hatchback,5,19,5,5,Manual,280,2
151,976000,1197,4,45,Petrol,1469,3971,1682,Hatchback,5,17,7,5,Automatic,280,2
152,988500,1498,4,45,Diesel,1469,3971,1682,Hatchback,5,19,5,5,Manual,250,2
153,582613,1197,4,37,Petrol,1515,3995,1735,Sedan,4,16.3,5,5,Manual,378,2
154,673112,1197,4,37,Petrol,1515,3995,1735,Sedan,4,16.3,5,5,Manual,378,2
155,666622,1248,4,37,Diesel,1515,3995,1735,Sedan,4,284,5,5,Manual,378,2
156,732113,1197,4,37,Petrol,1515,3995,1735,Sedan,4,16.3,5,5,Manual,378,2
157,757622,1248,4,37,Diesel,1515,3995,1735,Sedan,4,28.4,5,5,Manual,378,2
158,720112,1197,4,37,Petrol,1515,3995,1735,Sedan,4,16.3,4,5,Automatic,378,2
159,863122,1248,4,37,Diesel,1515,3995,1735,Sedan,4,28.4,5,5,Automatic,378,2
160,816622,1248,4,37,Diesel,1515,3995,1735,Sedan,4,284,5,5,Manual,378,2
161,821613,1197,4,37,Petrol,1515,3995,1735,Sedan,4,16.3,5,5,Manual,378,2
162,779113,1197,4,37,Petrol,1515,3995,1735,Sedan,4,16.3,5,5,Automatic,378,2
163,868613,1197,4,37,Petrol,1515,3995,1735,Sedan,4,16.3,5,5,Automatic,378,2
164,906122,1248,4,37,Diesel,1515,3995,1735,Sedan,4,284,5,5,Manual,378,2
165,804622,1248,4,37,Diesel,1515,3995,1735,Sedan,4,28.4,5,5,Automatic,378,2
166,952622,1248,4,37,Diesel,1515,3995,1735,Sedan,4,28.4,5,5,Automatic,378,2
167,676400,1498,4,40,Diesel,1570,3954,1737,Crossover,5,93.25,5,5,Manual,257,2
168,790900,1498,4,40,Diesel,1570,3954,1737,Hatchback,5,93.25,5,5,Manual,257,2
169,836400,1498,4,40,Diesel,1570,3954,1737,Hatchback,5,93.25,5,5,Manual,257,6
170,591400,1194,3,42,Petrol,1570,3954,1737,Hatchback,5,93.25,5,5,Manual,257,2
171,721400,1194,3,42,Petrol,1570,3954,1737,Hatchback,5,93.25,5,5,Manual,257,2
172,756400,1194,3,42,Petrol,1570,3954,1737,Hatchback,5,93.25,5,5,Manual,257,6
173,681400,1194,3,42,Petrol,1570,3954,1737,Crossover,5,93.25,5,5,Manual,257,2
174,745900,1498,3,42,Diesel,1570,3954,1737,Crossover,5,93.25,5,5,Manual,257,2
175,711500,1498,4,45,Diesel,1483,3995,1682,Sedan,4,15.3,5,5,Manual,330,2
176,810500,1498,4,45,Diesel,1483,3995,1682,Sedan,4,15.3,5,5,Manual,330,2
177,999900,1498,4,45,Diesel,1483,3995,1682,Sedan,4,15.3,7,5,Automatic,330,2
178,925500,1498,4,45,Diesel,1483,3995,1682,Sedan,4,15.3,5,5,Manual,330,2
179,594000,999,3,45,Petrol,1483,3995,1682,Sedan,4,93.25,5,5,Manual,330,2
180,665000,999,3,45,Petrol,1483,3995,1682,Sedan,4,93.25,5,5,Manual,330,2
181,799900,999,3,45,Petrol,1483,3995,1682,Sedan,4,93.25,5,5,Manual,330,2
182,999900,1498,4,45,Diesel,1483,3995,1682,Sedan,4,15.3,7,5,Automatic,330,2
183,598500,1194,4,42,Petrol,1525,3995,1704,Sedan,4,93.25,5,5,Manual,389,2
184,697400,1194,4,42,Petrol,1525,3995,1704,Sedan,4,93.25,5,5,Manual,389,2
185,663400,1194,4,42,Petrol,1525,3995,1704,Sedan,4,93.25,5,5,Manual,389,2
186,699400,1498,4,40,Diesel,1525,3995,1704,Sedan,4,93.25,5,5,Manual,389,2
187,737400,1498,4,40,Diesel,1525,3995,1704,Sedan,4,93.25,5,5,Manual,389,2
188,777400,1498,4,40,Diesel,1525,3995,1705,Sedan,4,93.25,5,5,Manual,389,2
189,817400,1498,4,40,Diesel,1525,3995,1704,Sedan,4,93.25,5,5,Manual,389,2
190,862400,1498,4,40,Diesel,1525,3995,1704,Sedan,4,93.25,5,5,Manual,389,6
191,782400,1194,4,42,Petrol,1525,3995,1704,Sedan,4,93.25,5,5,Manual,389,6
192,737400,1194,4,42,Petrol,1525,3995,1704,Sedan,4,93.25,5,5,Manual,389,2
193,758314,1194,4,42,CNG,1525,3995,1704,Sedan,4,93.25,5,5,Manual,389,2
194,762400,1194,4,42,Petrol,1525,3995,1704,Sedan,4,93.25,5,5,Manual,389,2
195,842400,1498,4,40,Diesel,1525,3995,1704,Sedan,4,93.25,5,5,Manual,389,2
196,627100,1496,4,45,Petrol,1510,4369,1695,Sedan,4,136,5,5,Manual,592,2
197,718600,1496,4,45,Petrol,1510,4369,1695,Sedan,4,136,5,5,Manual,592,2
198,734700,1364,4,45,Diesel,1510,4369,1695,Sedan,4,20.32,5,5,Manual,592,2
199,828600,1364,4,45,Diesel,1510,4369,1695,Sedan,4,20.3,5,5,Manual,592,2
200,888400,1364,4,45,Diesel,1510,4369,1695,Sedan,4,20.32,5,5,Manual,592,2
201,778400,1496,4,45,Petrol,1510,4369,1695,Sedan,4,136,5,5,Manual,592,2
202,689600,1496,4,45,Petrol,1510,4369,1695,Sedan,4,13.6,5,5,Manual,592,2
203,799600,1364,4,45,Diesel,1510,4369,1695,Sedan,4,20.3,5,5,Manual,592,2
204,913400,1364,4,45,Diesel,1510,4369,1695,Sedan,4,20.32,5,5,Manual,592,2
205,803400,1496,4,45,Petrol,1510,4369,1695,Sedan,4,13.6,5,5,Manual,592,2
206,802000,1496,4,45,Petrol,1555,3895,1735,Hatchback,5,15,5,5,Manual,251,2
207,650000,1197,4,45,Petrol,1555,3895,1735,Hatchback,5,1678,5,5,Manual,251,2
208,797500,1364,4,45,Diesel,1555,3895,1735,Hatchback,5,18.1,5,5,Manual,251,2
209,766000,1364,4,45,Diesel,1555,3895,1735,Hatchback,5,18.1,5,5,Manual,251,2
210,668500,1197,4,45,Petrol,1555,3895,1735,Hatchback,5,16.78,5,5,Manual,251,2
211,816000,1364,4,45,Diesel,1555,3895,1735,Hatchback,5,18.1,5,5,Manual,251,2
212,657628,1461,4,50,Diesel,1540,3991,1740,Hatchback,5,18,5,5,Manual,330,0
213,685729,1461,4,50,Diesel,1540,3991,1740,Hatchback,5,18,5,5,Manual,330,0
214,750428,1461,4,50,Diesel,1540,3991,1740,Hatchback,5,18,5,5,Manual,330,1
215,677618,1248,4,45,Diesel,1542,3989,1706,Crossover,5,20,5,5,Manual,389,0
216,739074,1248,4,45,Diesel,1542,3989,1706,Crossover,5,20,5,5,Manual,389,0
217,977516,1368,4,45,Petrol,1542,3989,1706,Crossover,5,17,5,5,Manual,389,2
218,810211,1248,4,45,Diesel,1542,3989,1706,Crossover,5,20,5,5,Manual,389,2
219,721900,1197,4,37,Petrol,1540,3995,1745,Hatchback,5,93.25,5,5,Manual,339,2
220,758200,1197,4,37,Petrol,1540,3995,1745,Hatchback,5,93.25,5,5,Manual,339,2
221,829900,1197,4,37,Petrol,1540,3995,1745,Hatchback,5,93.25,5,5,CVT,339,2
222,890200,1197,4,37,Petrol,1540,3995,1745,Hatchback,5,93.25,5,5,CVT,339,2
223,697900,1197,4,37,Petrol,1540,3995,1745,Hatchback,5,93.25,5,5,Manual,339,2
224,796132,1248,4,45,Diesel,1542,3989,1706,Crossover,5,11.2,5,5,Manual,280,0
225,711801,1248,4,45,Diesel,1542,3989,1706,Crossover,5,11.2,5,5,Manual,280,0
226,876341,1248,4,45,Diesel,1542,3989,1706,Crossover,5,11.2,5,5,Manual,280,2
227,745000,1199,4,40,Petrol,1544,3955,1694,Hatchback,5,11.3,5,5,Manual,354,2
228,909000,1199,4,40,Petrol,1544,3955,1694,Hatchback,5,11.3,5,5,Automatic,354,2
229,789000,1199,4,40,Petrol,1544,3955,1694,Hatchback,5,11.3,5,5,Manual,354,2
230,865000,1199,4,40,Petrol,1544,3955,1694,Hatchback,5,11.3,5,5,Automatic,354,2
231,816500,1498,4,40,Diesel,1544,3955,1694,Hatchback,5,12,6,5,Manual,354,2
232,896500,1498,4,40,Diesel,1544,3955,1694,Hatchback,5,12,6,5,Manual,354,2
233,940500,1498,4,40,Diesel,1544,3955,1694,Hatchback,5,12,6,5,Manual,354,2
234,928000,1199,4,40,Petrol,1544,3955,1694,Hatchback,5,93.25,5,5,Automatic,354,2
235,2680000,1956,4,60,Diesel,1657,4398,1818,SUV,5,93.25,9,5,Automatic,438,6
236,2760000,1956,4,60,Diesel,1657,4398,1818,SUV,5,93.25,9,5,Automatic,389,6
237,2734834,2999,4,76,Diesel,1840,4825,1860,SUV,5,13.8,5,7,Automatic,389,2
238,2931534,2999,4,76,Diesel,1840,4825,1860,SUV,5,13.8,5,7,Automatic,389,2
239,2770150,2157,4,70,Diesel,1845,4850,1960,SUV,5,93.25,7,5,Automatic,389,2
240,3070150,2157,4,70,Diesel,1.845,4850,1960,SUV,5,93.25,7,7,Automatic,389,9
241,2814500,1968,4,71,Diesel,1672,4486,1839,SUV,5,93.25,8,5,Automatic,615,6
242,3153500,1968,4,71,Diesel,1672,4486,1839,SUV,5,93.25,5,5,Automatic,615,6
243,2827001,1997,4,57,Petrol,1679,4592,1855,SUV,5,93.25,7,5,Automatic,522,6
244,3067001,1597,4,57,Diesel,1679,4592,1855,SUV,5,93.25,9,7,Automatic,150,6
245,3277001,1597,4,57,Diesel,1689,4592,1855,SUV,5,93.25,9,7,Automatic,150,6
246,2899599,1798,4,66,Petrol,1483,4861,1864,Sedan,4,11.3,7,5,Automatic,625,8
247,3149599,1968,4,66,Diesel,1483,4861,1864,Sedan,4,15.1,6,5,Automatic,625,8
248,3021200,1968,4,50,Diesel,1416,4456,1796,Sedan,4,18,6,5,Automatic,425,9
249,3221200,1968,4,50,Diesel,1416,4456,1796,Sedan,4,18,6,5,Automatic,425,9
250,2920750,1395,4,50,Petrol,1416,4456,1796,Sedan,4,12.4,7,5,Automatic,425,9
251,3120750,1395,4,50,Petrol,1416,4456,1796,Sedan,4,12.4,7,5,Automatic,425,9
252,2988311,1595,4,50,Petrol,1557,4393,1786,MPV,5,9.5,7,5,Automatic,488,7
253,3089851,2143,4,50,Diesel,1557,4393,1786,MPV,5,11.5,7,5,Automatic,488,7
254,3198662,1595,4,50,Petrol,1557,4393,1786,MPV,5,9.5,7,5,Automatic,488,6
255,3303282,2143,4,50,Diesel,1557,4393,1786,MPV,5,11.5,7,5,Automatic,488,6
256,3599000,1991,4,56,Petrol,1432,4630,1777,Sedan,4,11.04,7,5,Automatic,470,6
257,3172000,2143,4,56,Diesel,1432,4630,1777,Sedan,4,13.9,5,5,Automatic,470,6
258,3699000,2143,4,56,Diesel,1432,4630,1777,Sedan,4,13.9,5,5,Automatic,470,6
259,3299599,1968,4,66,Diesel,1483,4861,1864,SUV,4,15.1,6,5,Automatic,625,8
260,3678599,1968,4,66,Diesel,1483,4861,1864,SUV,4,15.1,6,5,Automatic,625,9
261,3299599,1968,4,66,Diesel,1483,4861,1864,SUV,4,15.1,6,5,Automatic,625,9
262,3407407,2000,4,60,Petrol,1200,4565,2120,Coupe,2,8,6,2,Manual,389,0
263,3677200,1968,4,64,Diesel,1608,4388,1831,SUV,5,12,7,5,Manual,460,6
264,3992200,1968,4,64,Diesel,1608,4388,1831,SUV,5,12,7,5,Automatic,460,6
265,4361000,1968,4,64,Diesel,1608,4388,1831,SUV,5,12,7,5,Automatic,460,6
266,3496750,1395,4,64,Petrol,1608,4388,1831,SUV,5,12,7,5,Automatic,460,6
267,3600000,1496,3,44,Petrol,1425,3982,1727,Hatchback,5,10.3,6,5,Automatic,278,2
268,3830000,1998,4,44,Petrol,1415,3850,1727,Convertible,2,93.25,6,4,Automatic,215,2
269,3990000,1969,5,52,Diesel,1652,4425,1863,SUV,5,93.25,8,5,Automatic,389,7
270,4390000,1969,5,52,Diesel,1652,4425,1863,SUV,5,93.25,8,5,Automatic,389,7
271,3990000,1969,5,54,Petrol,1652,4425,1863,SUV,5,93.25,8,5,Automatic,432,8
272,4120000,1998,4,52,Petrol,1441,4253,1801,Hatchback,4,12.3,5,5,Manual,360,2
273,4149000,1395,4,54,Petrol,1427,4726,1842,Sedan,4,93.25,7,5,DCT,480,8
274,4507000,1395,4,54,Petrol,1427,4726,1842,Sedan,4,93.25,7,5,DCT,480,8
275,4350000,1998,4,44,Petrol,1414,3874,1727,Sports Hatchback,3,93.25,8,2,Automatic,455,2
276,4498000,1997,4,61,Petrol,1416,4691,1850,Sedan,4,93.25,8,5,Automatic,455,6
277,4498000,1999,4,56,Diesel,1416,4691,1850,Sedan,4,93.25,8,4,Automatic,455,6
278,4633000,1999,4,56,Diesel,1416,4691,1850,Sedan,4,93.25,8,4,Automatic,455,6
279,4633000,1997,4,61,Petrol,1416,4691,1850,Sedan,4,93.25,8,5,Automatic,455,6
280,5436329,1999,4,74,Petrol,1460,4961,2091,Sedan,4,5.7,8,5,Automatic,505,6
281,6073446,1999,4,82,Petrol,1457,5252,1899,Sedan,4,5.7,8,5,Automatic,520,6
282,6138811,1999,4,83,Diesel,1457,5252,1899,Sedan,4,5.7,8,5,Automatic,520,6
283,5506622,1999,4,66,Diesel,1457,5067,2091,Sedan,4,5.7,8,5,Automatic,505,6
284,4977080,1999,4,66,Diesel,1457,5067,2091,Sedan,4,5.7,8,5,Automatic,505,6
285,5038000,1395,4,50,Petrol,1409,4421,1793,Convertible,2,19.2,7,4,Automatic,320,7
286,5442200,1984,4,73,Petrol,1455,4933,1874,Sedan,4,93.25,7,5,Automatic,560,8
287,5942200,1984,4,73,Petrol,1455,4933,1874,Sedan,4,93.25,7,5,Automatic,560,8
288,5930000,1995,4,67,Diesel,1678,4657,1881,SUV,5,16,8,5,Automatic,550,6
289,5880000,1998,4,67,Petrol,1678,4657,1881,SUV,5,16,8,5,Automatic,550,6
290,5600000,1995,4,67,Diesel,1678,4657,1881,SUV,5,16,8,5,Automatic,550,6
291,5706000,1999,4,70,Diesel,1727,4600,2069,SUV,5,93.25,9,7,Automatic,389,7
292,6089000,1999,4,70,Diesel,1727,4600,2069,SUV,5,93.25,9,7,Automatic,389,7
293,5890000,1969,4,52,Diesel,1443,4963,1879,Sedan,4,1144,5,5,Automatic,389,6
294,7243000,2995,6,58,Petrol,1384,4718,1843,Sedan,4,93.25,7,5,Automatic,389,10
295,7330000,2993,6,52,Diesel,1745,4922,2218,SUV,5,93.25,8,5,Automatic,650,8
296,8290000,2993,6,52,Diesel,1745,4922,2218,SUV,5,93.25,8,5,Automatic,650,8
297,8290000,2998,6,52,Petrol,1745,4922,2218,SUV,5,93.25,8,5,Automatic,650,8
298,7462000,4951,8,61,Petrol,1391,4784,2080,Sedan Coupe,3,10,6,4,Automatic,389,8
299,7882867,2987,6,94,Diesel,1802,4828,1943,SUV,5,12.8,5,5,Automatic,1025,6
300,8931819,2987,6,94,Diesel,1802,4828,1943,SUV,5,12.8,5,5,Automatic,1025,6
301,11400000,6417,8,94,Petrol,1749,4846,1954,SUV,5,12.8,8,5,Automatic,1025,7
302,7515000,3604,6,94,Petrol,1802,4828,1943,SUV,5,93.25,5,5,Automatic,1025,6
303,7711338,2996,6,80,Petrol,1398,4703,1786,Convertible,2,4.5,5,4,Manual,540,6
304,8180000,2979,6,52,Petrol,1410,4461,1854,Coupe,2,12.6,7,4,Automatic,460,10
305,8995000,1988,4,54,Petrol,1281,4379,1801,Convertible,2,9,5,2,Automatic,389,4
306,8595000,1988,4,54,Petrol,1281,4379,1801,Coupe,2,9,5,2,Automatic,389,4
307,8820000,2987,6,100,Diesel,1850,5120,1934,SUV,4,6.5,7,5,Automatic,389,9
308,19199181,5461,8,80,Petrol,1850,5146,1982,SUV,4,9,7,7,Automatic,540,9
309,8776900,2996,8,80,Petrol,1850,5146,1982,SUV,4,9,7,7,Automatic,540,9
310,8690000,2996,8,80,Petrol,1850,5146,1982,SUV,4,9,7,7,Automatic,540,9
311,8690000,2987,6,100,Diesel,1850,5120,1934,SUV,4,6.5,7,5,Automatic,389,9
312,9630000,2982,4,87,Diesel,1880,4840,1885,SUV,5,7,5,7,Automatic,389,7
313,9900000,3456,6,65,Petrol,1700,5000,1895,SUV,4,18.8,5,5,Automatic,389,10
314,11141200,2894,8,58,Petrol,1591,4649,1789,Coupe,2,93.25,7,4,Automatic,465,6
315,12290000,2993,6,78,Diesel,1479,5120,2169,Sedan,4,13.5,8,4,Automatic,515,8
316,13200000,2993,6,78,Diesel,1479,5120,2169,Sedan,4,13.5,8,4,Automatic,515,8
317,13510000,2993,6,78,Diesel,1479,5120,2169,Sedan,4,13.5,8,4,Automatic,515,8
318,13510000,2998,6,78,Petrol,1479,5120,2169,Sedan,4,93.25,8,4,Automatic,515,8
319,16500000,2998,6,46,Hybrid,1481,5219,2142,Sedan,4,93.25,8,4,Automatic,500,8
320,24250000,6592,12,78,Petrol,1481,5219,2142,Sedan,4,93.25,8,4,Automatic,500,8
321,13359500,2995,4,85,Petrol,1740,5052,1968,SUV,5,93.25,8,7,Automatic,605,8
322,13558438,2987,6,90,Diesel,1494,5116,1899,Sedan,4,9,7,5,Automatic,530,8
323,13976653,2996,6,70,Petrol,1494,5246,1899,Sedan,4,5.4,7,5,Automatic,510,8
324,25500000,3982,8,80,Petrol,1411,5027,1899,Coupe,2,5.4,7,4,Automatic,400,8
325,14512054,2987,6,80,Diesel,1679,5003,2158,SUV,4,5.2,6,4,Automatic,580,6
326,14863774,2979,6,80,Diesel,1679,5003,2158,SUV,5,5.2,6,4,Automatic,580,6
327,15383399,2979,6,80,Diesel,1679,5003,2158,SUV,5,5.2,6,4,Automatic,580,6
328,21875136,3982,8,96,Petrol,1938,4763,1855,SUV,5,93.25,9,7,Automatic,480,10
329,15000000,2925,6,100,Diesel,1969,4817,1931,SUV,5,93.25,9,7,Automatic,389,10
330,15600000,2995,8,82,Petrol,1485,5302,1945,Sedan,4,93.25,8,4,Automatic,505,6
331,17229579,4691,8,86,Petrol,1353,4881,1915,Coupe,2,4.6,6,4,Automatic,261,6
332,17900000,2987,6,70,Diesel,1481,5262,1948,Sports,4,5.2,6,4,Automatic,530,6
333,19600000,3456,6,82,Hybrid,1345,4770,1920,Coupe,2,93.25,5,4,Automatic,133,8
334,27308312,5980,12,80,Petrol,1498,5453,1899,Sedan,4,93.25,7,4,Automatic,510,8
335,19890000,4663,8,80,Petrol,1494,5246,1899,Sedan,4,7.81,9,4,Automatic,530,8
336,21263000,3996,8,90,Petrol,1427,5049,1937,Sedan,4,7.1,7,4,Automatic,389,6
337,22613000,3996,8,90,Petrol,1432,5199,1937,Sedan,4,7.1,7,4,Automatic,389,6
338,21747000,3996,8,90,Petrol,1432,5049,1937,Sedan,4,7.1,7,4,Automatic,389,6
339,23290000,4461,4,93,Diesel,1865,5080,1980,SUV,4,18,6,7,Automatic,389,10
340,23491293,4663,8,80,Petrol,1417,5027,1899,Convertible,2,5.4,5,4,Automatic,530,8
341,27245000,5204,10,75,Petrol,1252,4440,2029,Coupe,2,7.8,7,2,Automatic,389,8
342,30000000,3996,8,75,Petrol,1638,5112,2181,SUV,5,93.25,5,5,Automatic,616,8
343,33791059,5998,12,90,Petrol,1401,4807,2226,Coupe,2,5.3,8,4,Automatic,358,6
344,35000000,3855,8,92,Petrol,1320,4569,1910,Convertible,2,6,7,2,Automatic,240,4
345,45941557,5950,12,85,Petrol,1742,5141,1998,SUV,5,96,8,5,Automatic,430,6
346,37542069,3996,12,85,Petrol,1742,5140,1998,SUV,5,93.25,8,5,Automatic,430,6
347,40456503,5198,12,80,Petrol,1250,4385,1865,Coupe,2,6,5,2,Automatic,300,8
348,42531500,4497,8,86,Petrol,1203,4571,1951,Coupe,2,6,7,2,Automatic,230,5
349,46709733,6593,12,83,Petrol,1550,5399,1948,Sedan,4,10.5,8,5,Automatic,490,6
350,53247201,6592,12,83,Petrol,1550,5569,1948,Sedan,4,93.25,8,5,Automatic,490,6
351,50025840,6592,12,83,Petrol,1507,5269,1947,Coupe,2,4.7,8,4,Automatic,470,0
352,52571294,6752,8,90,Petrol,1521,5575,2208,Sedan,4,6.2,8,4,Automatic,443,6
353,69500000,6750,12,52,Petrol,1835,5341,2000,SUV,5,93.25,8,5,Automatic,389,0
354,77312661,6749,12,100,Petrol,1598,5612,1987,Coupe,2,10.2,8,4,Automatic,395,6
355,192142937,7993,16,52,Petrol,1212,4544,2038,Sports,2,93.25,7,2,Automatic,389,6
356,212155397,7993,16,52,Petrol,1212,4544,2038,Sports,2,93.25,7,2,Automatic,389,6
357,263000,216,4,52,Petrol,1652,2752,1312,Hatchback,4,93.25,5,4,Manual,20,0
358,283000,216,4,52,CNG,1652,2752,1312,Hatchback,4,93.25,5,4,Manual,20,0
359,294800,796,3,35,Petrol,1475,3445,1490,Hatchback,5,93.25,5,5,Manual,389,0
360,299900,796,3,35,Petrol,1475,3445,1490,Hatchback,5,93.25,5,5,Manual,389,2
361,352900,796,3,35,Petrol,1475,3445,1490,Hatchback,5,93.25,5,5,Manual,389,0
362,357200,796,3,35,Petrol,1475,3445,1490,Hatchback,5,93.25,5,5,Manual,389,1
363,376100,796,3,35,Petrol,1475,3445,1490,Hatchback,5,93.25,5,5,Manual,389,2
364,405570,796,3,35,CNG + Petrol,1475,3445,1490,Hatchback,5,93.25,5,5,Manual,389,0
365,409190,796,3,35,CNG + Petrol,1475,3445,1490,Hatchback,5,93.25,5,5,Manual,389,1
366,389600,796,3,35,Petrol,1475,3445,1490,Hatchback,5,93.25,5,5,Manual,389,2
367,370500,998,3,27,Petrol,1549,3565,1520,Hatchback,5,93.25,5,5,Manual,389,1
368,376500,998,3,27,Petrol,1549,3565,1520,Hatchback,5,93.25,5,5,Manual,389,2
369,409000,998,3,27,Petrol,1549,3565,1520,Hatchback,5,93.25,5,5,Manual,389,1
370,415000,998,3,27,Petrol,1549,3565,1520,Hatchback,5,93.25,5,5,Manual,389,2
371,432500,998,3,27,Petrol,1549,3565,1520,Hatchback,5,93.25,5,5,Manual,389,1
372,438500,998,3,27,Petrol,1549,3565,1520,Hatchback,5,93.25,5,5,Manual,389,2
373,475500,998,3,27,Petrol,1549,3565,1520,Hatchback,5,93.25,5,5,AMT,389,1
374,456000,998,3,27,Petrol,1549,3565,1520,Hatchback,5,93.25,5,5,Manual,389,2
375,481500,998,3,27,Petrol,1549,3565,1520,Hatchback,5,93.25,5,5,AMT,389,2
376,499000,998,3,27,Petrol,1549,3565,1520,Hatchback,5,93.25,5,5,AMT,389,2
377,426289,998,3,35,Petrol,1560,3600,1600,Hatchback,5,23,5,5,Manual,235,0
378,465138,998,3,35,Petrol,1560,3600,1600,Hatchback,5,23,5,5,Manual,235,0
379,508138,998,3,35,Petrol,1560,3600,1600,Hatchback,5,23,5,5,Automatic,235,0
380,490924,998,3,35,Petrol,1560,3600,1600,Hatchback,5,23,5,5,Manual,235,1
381,531279,998,3,35,Petrol,1560,3600,1600,Hatchback,5,23,5,5,Manual,235,2
382,530000,998,3,35,CNG,1560,3600,1600,Hatchback,5,93.25,5,5,Manual,235,0
383,533924,998,3,35,Petrol,1560,3600,1600,Hatchback,5,23,5,5,Automatic,235,1
384,434659,998,3,35,Petrol,1560,3600,1600,Hatchback,5,23,5,5,Manual,235,2
385,472257,998,3,35,Petrol,1560,3600,1600,Hatchback,5,23,5,5,Manual,235,2
386,515257,998,3,35,Petrol,1560,3600,1600,Hatchback,5,23,5,5,Automatic,235,2
387,543279,998,3,35,Petrol,1560,3600,1600,Hatchback,5,23,5,5,Automatic,235,2
388,551530,1120,3,43,Diesel,1520,3765,1660,Hatchback,5,24,5,5,Manual,256,0
389,568930,1120,3,43,Diesel,1520,3765,1660,Hatchback,5,24,5,5,Manual,256,1
390,460369,1197,4,43,Petrol,1520,3765,1660,Hatchback,5,18.9,5,5,Manual,256,1
391,477511,1197,4,43,Petrol,1520,3765,1660,Hatchback,5,18.9,5,5,Manual,256,1
392,545946,1197,4,43,CNG,1520,3765,1660,Hatchback,5,93.25,5,5,Manual,256,0
393,528804,1197,4,43,CNG,1520,3765,1660,Hatchback,5,93.25,5,5,Manual,256,0
394,488194,1198,3,35,Petrol,1655,3700,1735,Hatchback,5,15.5,5,6,Manual,243,0
395,532184,1198,3,35,Petrol,1655,3700,1735,Hatchback,5,15.5,5,6,Manual,243,2
396,590798,1198,3,35,Diesel,1655,3700,1735,Hatchback,5,22.25,5,6,Manual,243,0
397,619243,1198,3,35,Diesel,1655,3700,1735,Hatchback,5,22.25,5,6,Manual,243,2
398,667273,1198,3,35,Diesel,1655,3700,1735,Hatchback,5,22.25,5,6,Manual,243,2
399,579645,1198,3,35,Petrol,1655,3700,1735,Hatchback,5,15.5,5,6,Manual,243,2
400,631144,1198,3,35,Petrol,1655,3700,1735,Hatchback,5,15.5,5,6,Manual,243,2
401,754548,1198,3,35,Diesel,1655,3700,1735,Hatchback,5,22.25,5,6,Manual,243,2
402,693550,1198,3,35,Petrol,1655,3700,1735,Hatchback,5,15.5,5,6,Manual,243,2
403,787304,1198,3,35,Diesel,1655,3700,1735,Hatchback,5,22.25,5,6,Manual,243,2
404,701045,1198,3,35,Petrol,1655,3700,1735,Hatchback,5,15.5,5,6,Manual,243,2
405,794800,1198,3,35,Diesel,1655,3700,1735,Hatchback,5,22.25,5,6,Manual,243,2
406,573250,1198,3,35,Petrol,1655,3700,1735,Hatchback,5,15.5,5,5,Manual,243,2
407,631146,1198,3,35,Petrol,1655,3700,1735,Hatchback,5,15.5,5,5,Manual,243,2
408,687175,1198,3,35,Petrol,1655,3700,1735,Hatchback,5,15.5,5,5,Manual,243,2
409,660832,1198,3,35,Diesel,1655,3700,1735,Hatchback,5,22.25,5,5,Manual,243,2
410,748128,1198,3,35,Diesel,1655,3700,1735,Hatchback,5,22.25,5,5,Manual,243,2
411,780884,1198,3,35,Diesel,1655,3700,1735,Hatchback,5,22.25,5,5,Manual,243,2
412,550155,1198,3,35,Diesel,1655,3700,1735,Hatchback,5,22.25,5,5,Manual,243,0
413,559741,1198,3,35,Diesel,1655,3700,1735,Hatchback,5,22.25,5,6,Manual,243,0
414,524312,1198,3,35,Petrol,1655,3700,1735,Hatchback,5,15.5,5,5,Manual,243,0
415,542913,1198,3,35,Petrol,1655,3700,1735,Hatchback,5,15.5,5,6,Manual,243,0
416,519000,1197,4,37,Petrol,1530,3840,1735,Hatchback,5,12.6,5,5,Manual,268,2
417,619000,1197,4,37,Petrol,1530,3840,1735,Hatchback,5,93.25,5,5,Manual,268,2
418,666000,1197,4,37,Petrol,1530,3840,1735,Hatchback,5,93.25,5,5,Automatic,268,2
419,678000,1197,4,37,Petrol,1530,3840,1735,Hatchback,5,93.25,5,5,Manual,268,2
420,725000,1197,4,37,Petrol,1530,3840,1735,Hatchback,5,93.25,5,5,Automatic,268,2
421,758000,1197,4,37,Petrol,1530,3840,1735,Hatchback,5,93.25,5,5,Manual,268,2
422,599000,1248,4,37,Diesel,1530,3840,1735,Hatchback,5,93.25,5,5,Manual,268,2
423,698000,1248,4,37,Diesel,1530,3840,1735,Hatchback,5,93.25,5,5,Manual,268,2
424,745000,1248,4,37,Diesel,1530,3840,1735,Hatchback,5,93.25,5,5,Automatic,268,2
425,757000,1248,4,37,Diesel,1530,3840,1735,Hatchback,5,93.25,5,5,Manual,268,2
426,804000,1248,4,37,Diesel,1530,3840,1735,Hatchback,5,93.25,5,5,Automatic,268,2
427,838000,1248,4,37,Diesel,1530,3840,1735,Hatchback,5,93.25,5,5,Manual,268,2
428,802000,1197,4,37,Petrol,1530,3840,1735,Hatchback,5,93.25,5,5,Automatic,268,2
429,884000,1248,4,37,Diesel,1530,3840,1735,Hatchback,5,93.25,5,5,Automatic,268,2
430,529000,1199,3,37,Petrol,1523,3990,1755,Hatchback,5,93.25,5,5,Manual,345,2
431,615000,1199,3,37,Petrol,1523,3990,1755,Hatchback,5,93.25,5,5,Manual,345,2
432,684000,1199,3,37,Petrol,1523,3990,1755,Hatchback,5,93.25,5,5,Manual,345,2
433,744000,1199,3,37,Petrol,1523,3990,1755,Hatchback,5,93.25,5,5,Manual,345,2
434,769000,1199,3,37,Petrol,1523,3990,1755,Hatchback,5,93.25,5,5,Manual,345,2
435,699000,1497,4,37,Diesel,1523,3990,1755,Hatchback,5,93.25,5,5,Manual,345,2
436,775000,1497,4,37,Diesel,1523,3990,1755,Hatchback,5,93.25,5,5,Manual,345,2
437,844000,1497,4,37,Diesel,1523,3990,1755,Hatchback,5,93.25,5,5,Manual,345,2
438,904000,1497,4,37,Diesel,1523,3990,1755,Hatchback,5,93.25,5,5,Manual,345,2
439,929000,1497,4,37,Diesel,1523,3990,1755,Hatchback,5,93.25,5,5,Manual,345,2
440,642478,1994,4,50,Diesel,1885,4440,1789,SUV,5,8.6,5,9,Manual,389,0
441,589678,1994,4,50,Diesel,1885,4440,1789,SUV,5,8.6,5,9,Manual,389,0
442,689761,1994,4,50,Diesel,1885,4440,1789,SUV,5,8.6,5,9,Manual,389,0
443,788177,1994,4,50,Diesel,1885,4440,1789,SUV,5,8.6,5,9,Manual,389,0
444,2650777,1994,4,50,Diesel,1885,4440,1789,SUV,5,8.6,5,9,Manual,389,0
445,628072,1994,4,50,Diesel,1885,4440,1789,SUV,5,8.6,5,9,Manual,389,0
446,900967,1994,4,50,Diesel,1885,4440,1789,SUV,5,8.6,5,7,Manual,389,0
447,1465148,1994,4,50,Diesel,1885,4440,1789,SUV,5,8.6,5,7,Manual,389,0
448,552890,1994,4,50,Diesel,1885,4440,1789,SUV,5,8.6,5,9,Manual,389,0
449,927689,1994,4,50,Diesel,1885,4440,1789,SUV,5,8.6,5,7,Manual,389,0
450,835275,1994,4,50,Diesel,1885,4440,1789,SUV,5,8.6,5,9,Manual,389,0
451,575000,1199,3,35,Petrol,1537,3992,1677,Sedan,4,24.12,5,5,Manual,419,0
452,610000,1199,3,35,Petrol,1537,3992,1677,Sedan,4,24.12,5,5,Manual,419,0
453,650000,1199,3,35,Petrol,1537,3992,1677,Sedan,4,24.12,5,5,Manual,419,2
454,699000,1199,3,35,Petrol,1537,3992,1677,Sedan,4,24.12,5,5,Manual,419,2
455,660000,1199,3,35,Petrol,1537,3992,1677,Sedan,4,24.12,5,5,AMT,419,2
456,749000,1199,3,35,Petrol,1537,3992,1677,Sedan,4,24.12,5,5,AMT,419,2
457,582287,1193,4,44,Petrol,1570,3995,1706,Sedan,4,13.2,5,5,Manual,390,0
458,702946,1248,4,44,Diesel,1570,3995,1706,Sedan,4,19.2,5,5,Manual,390,0
459,653926,1193,4,44,Petrol,1570,3995,1706,Sedan,4,13.2,5,5,Manual,390,0
460,672641,1193,4,44,Petrol,1570,3995,1706,Sedan,4,13.2,5,5,Manual,390,2
461,732475,1193,4,44,Petrol,1570,3995,1706,Sedan,4,13.2,5,5,Manual,390,2
462,767317,1248,4,44,Diesel,1570,3995,1706,Sedan,4,19.2,5,5,Manual,390,0
463,793898,1248,4,44,Diesel,1570,3995,1706,Sedan,5,19.2,5,5,Manual,390,2
464,855362,1248,4,44,Diesel,1570,3995,1706,Sedan,4,19.2,5,5,Manual,390,2
465,836320,1248,4,44,Diesel,1570,3995,1706,Sedan,4,19.2,5,5,AMT,390,0
466,989000,1248,4,44,Diesel,1570,3995,1706,Sedan,4,19.2,5,5,Automatic,390,2
467,788797,1248,4,44,Diesel,1570,3995,1706,Sedan,5,19.2,5,5,Manual,390,2
468,763000,1199,4,35,Petrol,1501,3995,1695,Sedan,4,93.25,5,5,Automatic,420,2
469,705000,1498,4,35,Diesel,1498,3995,1695,Sedan,4,93.25,5,5,Manual,420,2
470,593000,1199,4,35,Petrol,1498,3995,1695,Sedan,4,93.25,5,5,Manual,420,2
471,865000,1498,4,35,Diesel,1501,3995,1695,Sedan,4,93.25,5,5,Automatic,420,2
472,823000,1199,4,35,Petrol,1501,3995,1695,Sedan,4,93.25,5,5,Automatic,420,2
473,925000,1498,4,35,Diesel,1501,3995,1695,Sedan,4,93.25,5,5,Automatic,420,2
474,785000,1498,4,35,Diesel,1501,3995,1695,Sedan,4,93.25,5,5,Manual,420,2
475,893000,1498,4,35,Diesel,1501,3995,1695,Sedan,4,93.25,5,5,Manual,420,2
476,845000,1498,4,35,Diesel,1501,3995,1695,Sedan,4,93.25,5,5,Manual,420,2
477,781000,1199,4,35,Petrol,1501,3995,1695,Sedan,4,93.25,5,5,Manual,420,2
478,733000,1199,4,35,Petrol,1501,3995,1695,Sedan,4,93.25,5,5,Manual,420,2
479,673000,1198,4,35,Petrol,1501,3995,1695,Sedan,4,93.25,5,5,Manual,420,2
480,906000,1498,4,35,Diesel,1501,3995,1695,Sedan,4,93.25,5,5,Manual,420,2
481,794000,1199,4,35,Petrol,1501,3995,1695,Sedan,4,93.25,5,5,Manual,420,2
482,966000,1498,4,35,Diesel,1501,3995,1695,Sedan,4,93.25,5,5,Automatic,420,2
483,864000,1199,4,35,Petrol,1501,3995,1695,Sedan,4,93.25,5,5,Automatic,420,2
484,979300,1498,4,35,Diesel,1501,3995,1695,Sedan,4,93.25,5,5,Automatic,420,2
485,877300,1199,4,35,Petrol,1501,3995,1695,Sedan,4,93.25,5,5,Automatic,420,2
486,906300,1498,4,35,Diesel,1501,3995,1695,Sedan,4,93.25,5,5,Manual,420,2
487,794300,1199,4,35,Petrol,1501,3995,1695,Sedan,4,93.25,5,5,Manual,420,2
488,637343,1298,4,40,Petrol,1875,4010,1540,SUV,3,10.2,5,8,Manual,350,0
489,622730,1298,4,40,Petrol,1845,4010,1540,SUV,3,10.2,5,8,Manual,389,0
490,655000,1197,4,45,Petrol,1590,3995,1770,SUV,5,93.25,5,5,Manual,350,2
491,826000,998,4,45,Petrol,1590,3995,1770,SUV,5,93.25,7,5,Manual,350,2
492,780000,1397,4,52,Diesel,1590,3995,1770,SUV,5,93.25,6,5,Manual,350,2
493,959000,998,4,45,Petrol,1590,3995,1770,SUV,5,93.25,6,5,Manual,350,2
494,974000,998,4,45,Petrol,1590,3995,1770,SUV,5,93.25,6,5,Manual,350,2
495,1065000,998,4,45,Petrol,1590,3995,1770,SUV,5,93.25,6,5,Manual,350,6
496,940000,998,4,45,Petrol,1590,3995,1770,SUV,5,93.25,7,5,DCT,350,2
497,1115500,998,4,45,Petrol,1590,3995,1770,SUV,5,93.25,7,5,DCT,350,2
498,725000,1197,4,45,Petrol,1590,3995,1770,SUV,5,93.25,5,5,Manual,350,2
499,850000,1397,4,52,Diesel,1590,3995,1770,SUV,5,93.25,6,5,Manual,350,2
500,983000,1397,4,52,Diesel,1590,3995,1770,SUV,5,93.25,6,5,Manual,350,2
501,998000,1397,4,52,Diesel,1590,3995,1770,SUV,5,93.25,6,5,Manual,350,2
502,1089000,1397,4,45,Diesel,1590,3995,1770,SUV,5,93.25,6,5,Manual,350,6
503,695000,1198,3,44,Petrol,1607,3994,1811,SUV,5,93.25,5,5,Manual,350,2
504,770000,1198,3,44,Petrol,1607,3994,1811,SUV,5,93.25,5,5,Manual,350,2
505,870000,1198,3,44,Petrol,1607,3994,1811,SUV,5,93.25,5,5,Manual,350,2
506,950000,1198,3,44,Petrol,1607,3994,1811,SUV,5,93.25,5,5,Manual,350,2
507,970000,1198,3,44,Petrol,1607,3994,1811,SUV,5,93.25,5,5,Manual,350,2
508,1040000,1198,3,44,Petrol,1607,3994,1811,SUV,5,93.25,5,5,Manual,350,2
509,1060000,1198,3,44,Petrol,1607,3994,1811,SUV,5,93.25,5,5,Automatic,350,2
510,830000,1198,3,44,Petrol,1607,3994,1811,SUV,5,93.25,5,5,Automatic,350,2
511,1010000,1198,3,44,Petrol,1607,3994,1811,SUV,5,93.25,5,5,Automatic,350,2
512,1030000,1198,3,44,Petrol,1607,3994,1811,SUV,5,93.25,5,5,Automatic,350,2
513,1100000,1198,3,44,Petrol,1607,3994,1811,SUV,5,93.25,5,5,Automatic,350,2
514,1120000,1198,3,44,Petrol,1607,3994,1811,SUV,5,93.25,5,5,Automatic,350,2
515,845000,1497,4,44,Diesel,1607,3994,1811,SUV,5,93.25,5,5,Manual,350,2
516,920000,1497,4,44,Diesel,1607,3994,1811,SUV,5,93.25,5,5,Manual,350,2
517,1020000,1497,4,44,Diesel,1607,3994,1811,SUV,5,93.25,5,5,Manual,350,2
518,1100000,1497,4,44,Diesel,1607,3994,1811,SUV,5,93.25,5,5,Manual,350,2
519,1120000,1497,4,44,Diesel,1607,3994,1811,SUV,5,93.25,5,5,Manual,350,2
520,1190000,1497,4,44,Diesel,1607,3994,1811,SUV,5,93.25,5,5,Manual,350,2
521,1210000,1497,4,44,Diesel,1607,3994,1811,SUV,5,93.25,5,5,Manual,350,2
522,980000,1497,4,44,Diesel,1607,3994,1811,SUV,5,93.25,5,5,Automatic,350,2
523,1160000,1497,4,44,Diesel,1607,3994,1811,SUV,5,93.25,5,5,Automatic,350,2
524,1180000,1497,4,44,Diesel,1607,3994,1811,SUV,5,93.25,5,5,Automatic,350,2
525,1250000,1497,4,44,Diesel,1607,3994,1811,SUV,5,93.25,5,5,Automatic,350,2
526,1270000,1497,4,44,Diesel,1607,3994,1811,SUV,5,93.25,5,5,Automatic,350,2
527,715860,1368,4,45,Petrol,1487,4596,1730,Sedan,4,113,5,5,Manual,500,0
528,862175,1248,4,45,Diesel,1494,4596,1730,Sedan,4,17.2,5,5,Manual,500,0
529,932025,1248,4,45,Diesel,1494,4596,1730,Sedan,5,17.2,5,5,Manual,500,2
530,991434,1248,4,45,Diesel,1494,4596,1730,Sedan,4,17.2,5,5,Manual,500,2
531,997763,1368,4,45,Petrol,1487,4596,1730,Sedan,4,113,5,5,Manual,500,2
532,886398,1493,4,60,Diesel,1880,3995,1745,SUV,5,12.4,5,7,Manual,1702,0
533,851302,1493,4,60,Diesel,1880,3995,1745,SUV,5,12.4,5,7,Manual,389,0
534,785656,1493,4,60,Diesel,1880,3995,1745,SUV,5,12.4,5,7,Manual,389,0
535,749192,1493,4,60,Diesel,1880,3995,1745,SUV,5,12.4,5,7,Manual,389,1
536,859497,2523,4,60,Diesel,1977,4494,1745,SUV,5,9.4,5,7,Manual,389,0
537,819117,2523,4,60,Diesel,1977,4440,1660,SUV,5,12.4,5,9,Manual,389,0
538,762742,1248,4,48,Diesel,1640,3995,1790,SUV,5,20,5,5,Manual,328,2
539,814742,1248,4,48,Diesel,1640,3995,1790,SUV,5,20,5,5,Manual,328,2
540,892243,1248,4,48,Diesel,1640,3995,1790,SUV,5,20,5,5,Manual,328,2
541,987743,1248,4,48,Diesel,1640,3995,1790,SUV,5,20,5,5,Manual,328,2
542,1003552,1248,4,48,Diesel,1640,3995,1790,SUV,5,20,5,5,Manual,328,2
543,1037742,1248,4,48,Diesel,1640,3995,1790,SUV,5,20,5,5,Manual,328,2
544,864742,1248,4,48,Diesel,1640,3995,1790,SUV,5,20,5,5,Automatic,328,1
545,942243,1248,4,48,Diesel,1640,3995,1790,SUV,5,20,5,5,Automatic,328,2
546,1059742,1248,4,48,Diesel,1640,3995,1790,SUV,5,20,5,5,Automatic,328,2
547,774035,1197,4,40,Petrol,1555,3995,1760,Hatchback,5,15,5,5,Manual,285,2
548,858536,1197,4,40,Petrol,1555,3995,1760,Hatchback,5,15,6,5,Manual,285,6
549,882298,1197,4,40,Petrol,1555,3995,1760,Hatchback,5,15,6,5,Manual,285,6
550,993393,1396,4,40,Diesel,1555,3995,1760,Hatchback,5,21.19,6,5,Manual,285,6
551,791000,1497,3,52,Petrol,1647,3998,1765,SUV,5,93.25,5,5,Manual,352,2
552,871000,1497,3,52,Petrol,1647,3998,1765,SUV,5,93.25,5,5,Manual,352,2
553,950000,1497,3,52,Petrol,1647,3998,1765,SUV,5,93.25,5,5,Manual,352,2
554,1130000,1497,3,52,Petrol,1647,3998,1765,SUV,5,93.25,6,5,Automatic,352,6
555,841000,1498,4,52,Diesel,1647,3998,1765,SUV,5,93.25,5,5,Manual,352,2
556,921000,1498,4,52,Diesel,1647,3998,1765,SUV,5,93.25,5,5,Manual,352,2
557,999900,1498,4,52,Diesel,1647,3998,1765,SUV,5,93.25,5,5,Manual,352,2
558,1090000,1498,4,52,Diesel,1647,3998,1765,SUV,5,93.25,5,5,Manual,352,6
559,999900,1497,4,52,Petrol,1647,3998,1765,SUV,5,93.25,5,5,Manual,352,6
560,1145000,1498,3,52,Diesel,1647,3998,1765,SUV,5,93.25,5,5,Manual,352,6
561,999900,1497,4,52,Petrol,1647,3998,1765,SUV,5,93.25,5,5,Manual,352,6
562,1090000,1498,4,52,Diesel,1647,3998,1765,SUV,5,93.25,5,5,Manual,352,6
563,799990,1498,4,50,Petrol,1695,4315,1822,SUV,5,10.2,5,5,Manual,475,2
564,919990,1498,4,50,Petrol,1695,4315,1822,SUV,5,10,5,5,Manual,475,2
565,999990,1498,4,50,Petrol,1695,4315,1822,SUV,5,10,6,5,CVT,475,2
566,929990,1461,4,50,Diesel,1695,4315,1822,SUV,5,16,5,5,Manual,475,2
567,999990,1461,4,50,Diesel,1695,4315,1822,SUV,5,16,5,5,Manual,475,2
568,1119990,1461,4,50,Diesel,1695,4315,1822,SUV,5,16,6,5,Automatic,475,2
569,1209990,1461,4,50,Diesel,1695,4315,1822,SUV,5,16,6,5,Automatic,475,2
570,1249990,1461,4,50,Diesel,1695,4315,1822,SUV,5,16,6,5,Automatic,475,2
571,1249990,1461,4,50,Diesel,1695,4315,1822,SUV,5,16,6,5,Automatic,475,2
572,999900,1591,4,45,Petrol,1445,4440,1729,Sedan,4,93.25,5,5,Manual,465,2
573,1172544,1582,4,45,Diesel,1445,4440,1729,Sedan,4,19.9,6,5,Manual,465,2
574,1301881,1582,4,45,Diesel,1445,4440,1729,Sedan,4,19.9,4,5,Manual,465,6
575,1172999,1591,4,45,Petrol,1445,4440,1729,Sedan,4,93.25,5,5,Manual,465,6
576,1328545,1582,4,45,Diesel,1445,4440,1729,Sedan,4,14,4,5,Automatic,465,2
577,1287999,1591,4,45,Petrol,1445,4440,1729,Sedan,4,93.25,4,5,Automatic,465,6
578,933182,1396,4,45,Petrol,1445,4440,1729,Sedan,4,93.25,5,5,Manual,465,2
579,817867,1396,4,45,Petrol,1445,4440,1729,Sedan,4,93.25,5,5,Manual,465,2
580,1178894,1591,4,45,Petrol,1445,4440,1729,Sedan,4,93.25,5,5,Manual,465,6
581,1162875,1591,4,45,Petrol,1445,4440,1729,Sedan,4,93.25,6,5,Automatic,465,6
582,1407871,1582,4,45,Diesel,1445,4440,1729,Sedan,4,14,6,5,Automatic,465,2
583,942867,1396,4,45,Diesel,1445,4440,1729,Sedan,4,93.25,5,5,Manual,465,2
584,999900,1396,4,45,Diesel,1445,4440,1729,Sedan,4,93.25,5,5,Manual,465,2
585,830127,1197,4,42,Petrol,1617,3995,1821,SUV,5,93.25,6,5,Manual,259,2
586,915128,1197,4,42,Petrol,1617,3995,1821,SUV,5,93.25,6,5,Manual,259,2
587,1060129,1197,4,42,Petrol,1617,3995,1821,SUV,5,93.25,6,5,Manual,259,2
588,1184129,1197,4,42,Petrol,1617,3995,1821,SUV,5,93.25,6,5,Manual,259,2
589,869131,1497,4,42,Diesel,1617,3995,1821,SUV,5,93.25,6,5,Manual,259,2
590,950131,1497,4,42,Diesel,1617,3995,1821,SUV,5,93.25,6,5,Manual,259,2
591,1095129,1497,4,42,Diesel,1617,3995,1821,SUV,5,93.25,6,5,Manual,259,2
592,1214130,1497,4,42,Diesel,1617,3995,1821,SUV,5,93.25,6,5,Manual,259,2
593,1149800,1497,4,42,Diesel,1617,3995,1821,SUV,5,93.25,6,5,Automatic,259,2
594,1269131,1497,4,42,Diesel,1617,3995,1821,SUV,5,93.25,6,5,Automatic,259,2
595,999000,1497,4,42,Diesel,1617,3995,1821,SUV,5,93.25,6,5,AMT,259,2
596,863299,1461,4,50,Diesel,1697,4498,1751,MUV,4,21.04,5,8,Manual,207,0
597,964199,1461,4,50,Diesel,1697,4498,1751,MUV,4,21.04,5,8,Manual,207,0
598,1211599,1461,4,50,Diesel,1697,4498,1751,MUV,4,21.04,6,5,Manual,759,2
599,1211599,1461,4,50,Diesel,1697,4498,1751,MUV,4,21.04,6,7,Manual,207,2
600,1053899,1461,4,50,Diesel,1697,4498,1751,MUV,4,21.04,5,8,Manual,207,2
601,1130099,1461,4,50,Diesel,1697,4498,1751,MUV,4,21.04,5,8,Manual,207,2
602,964199,1461,4,50,Diesel,1697,4498,1751,MUV,4,21.04,5,7,Manual,207,0
603,876500,1598,4,55,Petrol,1467,4390,1699,Sedan,5,12.1,5,5,Manual,494,2
604,999900,1598,4,55,Petrol,1467,4390,1699,Sedan,4,93.25,5,5,Manual,494,2
605,999900,1598,4,55,Petrol,1467,4390,1699,Sedan,4,93.25,5,5,Manual,494,2
606,1197500,1197,4,55,Petrol,1467,4390,1699,Sedan,4,93.25,7,5,Automatic,494,2
607,1449500,1197,4,55,Petrol,1467,4390,1699,Sedan,4,93.25,7,5,Automatic,494,2
608,958500,1498,4,55,Diesel,1467,4390,1699,Sedan,4,93.25,5,5,Manual,494,2
609,999900,1498,4,55,Diesel,1467,4390,1699,Sedan,4,93.25,5,5,Manual,494,2
610,1210500,1498,4,55,Diesel,1467,4390,1699,Sedan,4,93.25,5,5,Manual,494,2
611,1336500,1498,4,55,Diesel,1467,4390,1699,Sedan,4,93.25,7,5,Automatic,494,2
612,1317500,1498,4,55,Diesel,1467,4390,1699,Sedan,4,93.25,5,5,Automatic,494,2
613,1449500,1498,4,45,Diesel,1469,3971,1682,Hatchback,5,19,5,5,Manual,250,2
614,1317500,1197,4,45,Petrol,1469,3971,1682,Hatchback,5,17,7,5,Automatic,280,2
615,881425,1859,4,52,Electric,1585,3390,1575,Hatchback,4,80,5,4,Automatic,135,0
616,957177,1859,4,52,Electric,1585,3390,1575,Hatchback,4,80,5,4,Automatic,135,0
617,960868,1859,4,35,Electric,1537,3992,1677,Sedan,5,93.25,5,5,Automatic,255,2
618,975868,1859,4,35,Electric,1537,3992,1677,Sedan,5,93.25,5,5,Automatic,255,2
619,944175,1859,4,35,Electric,1537,3992,1677,Sedan,5,93.25,5,5,Automatic,255,1
620,952900,1497,4,42,Petrol,1666,4453,1735,SUV,5,12,7,7,Manual,223,2
621,1052900,1497,4,42,Petrol,1666,4453,1735,SUV,5,12,7,7,Manual,223,2
622,1167900,1497,4,42,Petrol,1666,4453,1735,SUV,5,12,7,7,Manual,223,2
623,1271900,1497,4,42,Petrol,1666,4456,1735,SUV,5,12,7,7,Manual,223,2
624,1285900,1497,4,42,Petrol,1666,4456,1735,SUV,5,12,7,7,Automatic,223,2
625,1187900,1498,4,42,Diesel,1666,4453,1735,SUV,5,16.2,7,7,Manual,223,2
626,1273900,1498,4,42,Diesel,1666,4453,1735,SUV,5,16.2,7,7,Manual,223,2
627,1382900,1498,4,42,Diesel,1666,4456,1735,SUV,5,16.2,7,7,Manual,223,2
628,959860,2498,4,60,Diesel,1930,3920,1726,SUV,3,93.25,5,6,Manual,600,0
629,999148,2498,4,60,Diesel,1930,3920,1726,SUV,3,93.25,5,6,Manual,600,0
630,974860,2498,4,60,Diesel,1930,3920,1726,SUV,3,93.25,5,6,Manual,600,0
631,999000,2596,4,63,Diesel,2055,4342,1790,SUV,5,14,6,7,Manual,389,0
632,1075000,2596,4,63,Diesel,2055,3992,1790,SUV,3,14,6,5,Manual,389,0
633,1299000,2149,4,63,Diesel,2075,3992,1820,SUV,3,93.25,5,5,Manual,389,0
634,1330000,2149,4,63,Diesel,2075,3992,1820,SUV,3,93.25,5,5,Manual,389,0
635,975000,2596,4,63,Diesel,2055,4342,1790,SUV,5,14,6,7,Manual,389,0
636,1225000,2596,4,63,Diesel,2055,3992,1790,SUV,5,14,6,5,Manual,389,0
637,984689,1462,4,45,Petrol,1700,4445,1775,MPV,5,93.25,5,6,Manual,209,2
638,1041189,1462,4,45,Petrol,1700,4445,1775,MPV,5,93.25,5,6,Manual,209,2
639,1094689,1462,4,45,Petrol,1700,4445,1775,MPV,5,93.25,5,6,Automatic,209,2
640,1151189,1462,4,45,Petrol,1700,4445,1775,MPV,5,93.25,5,6,Automatic,209,2
641,989219,1368,4,52,Petrol,1542,3983,1706,Crossover,5,17,5,5,Manual,389,2
642,992748,2179,3,60,Diesel,1812,4400,1835,SUV,5,18.49,5,9,Manual,384,2
643,1029650,2179,3,60,Diesel,1812,4400,1835,SUV,5,18.49,5,9,Manual,384,2
644,1142157,2179,3,60,Diesel,1812,4400,1835,SUV,5,18.49,5,9,Manual,384,2
645,999900,1497,4,45,Diesel,1774,4585,1866,MPV,5,93.25,6,7,Manual,389,2
646,1156471,1497,4,45,Diesel,1774,4585,1866,MPV,5,93.25,6,7,Manual,389,2
647,1308592,1497,4,45,Diesel,1774,4585,1866,MPV,5,93.25,6,7,Manual,389,2
648,1468440,1497,4,45,Diesel,1774,4585,1866,MPV,5,93.25,6,7,Manual,389,2
649,999900,1497,4,45,Diesel,1774,4585,1866,MPV,5,93.25,6,8,Manual,389,2
650,1164569,1497,4,45,Diesel,1774,4585,1866,MPV,5,93.25,6,8,Manual,389,2
651,1316690,1497,4,45,Diesel,1774,4585,1866,MPV,5,93.25,6,8,Manual,389,2
652,1476538,1497,4,45,Diesel,1774,4585,1866,MPV,5,93.25,6,8,Manual,389,2
653,999994,2523,4,60,Diesel,1930,4456,1820,SUV,5,11.5,5,9,Manual,389,0
654,1236258,2179,4,80,Diesel,1874,5118,1850,SUV,5,8.1,5,5,Manual,460,0
655,1123158,2179,4,80,Diesel,1874,5118,1850,SUV,5,9.4,5,5,Manual,460,0
656,1220030,2179,4,60,Diesel,1995,4456,1820,SUV,5,11.5,5,9,Manual,389,2
657,1330006,2179,4,60,Diesel,1995,4456,1820,SUV,5,11.5,5,9,Manual,389,2
658,1360668,2179,4,60,Diesel,1995,4456,1820,SUV,5,11.5,5,9,Manual,389,2
659,1540081,2179,4,60,Diesel,1995,4456,1820,SUV,5,11.5,5,9,Manual,389,2
660,1663054,2179,4,60,Diesel,1995,4456,1820,SUV,5,11.5,5,9,Manual,389,2
661,1423710,2179,4,60,Diesel,1995,4456,1820,SUV,5,11.5,6,9,Manual,389,2
662,1425599,1498,4,55,Diesel,1466,4413,1699,Sedan,4,18,7,5,Automatic,460,2
663,1269599,1598,4,55,Petrol,1466,4413,1699,Sedan,4,12,7,5,Automatic,460,2
664,1299599,1498,4,55,Diesel,1466,4413,1699,Sedan,4,18,5,5,Manual,460,2
665,1139599,1598,4,55,Petrol,1466,4413,1699,Sedan,4,12,5,5,Manual,460,2
666,1610180,2179,4,70,Petrol,1785,4585,1890,SUV,5,93.25,6,7,Automatic,96,2
667,1418313,2179,4,70,Diesel,1785,4585,1890,SUV,5,16,6,7,Manual,389,2
668,1539488,2179,4,70,Diesel,1785,4585,1890,SUV,5,16,6,7,Automatic,96,6
669,1588943,2179,4,70,Diesel,1785,4585,1890,SUV,5,16,6,7,Manual,96,2
670,1710118,2179,4,70,Diesel,1785,4585,1890,SUV,5,16,6,7,Automatic,96,2
671,1716319,2179,4,70,Diesel,1785,4585,1890,SUV,5,16,6,7,Manual,96,6
672,1837586,2179,4,70,Diesel,1785,4585,1890,SUV,5,16,6,7,Automatic,96,6
673,1741319,2179,4,70,Diesel,1785,4585,1890,SUV,5,16,6,7,Manual,96,6
674,1862586,2179,4,70,Diesel,1785,4585,1890,SUV,5,16,6,7,Automatic,96,6
675,1610180,2179,4,70,Petrol,1785,4585,1890,SUV,5,93.25,6,7,Automatic,96,2
676,1418313,2179,4,70,Diesel,1785,4585,1890,SUV,5,16,6,7,Manual,389,2
677,1539488,2179,4,70,Diesel,1785,4585,1890,SUV,5,16,6,7,Automatic,96,6
678,1588943,2179,4,70,Diesel,1785,4585,1890,SUV,5,16,6,7,Manual,96,2
679,1710118,2179,4,70,Diesel,1785,4585,1890,SUV,5,16,6,7,Automatic,96,2
680,1716319,2179,4,70,Diesel,1785,4585,1890,SUV,5,16,6,7,Manual,96,6
681,1837586,2179,4,70,Diesel,1785,4585,1890,SUV,5,16,6,7,Automatic,96,6
682,1741319,2179,4,70,Diesel,1785,4585,1890,SUV,5,16,6,7,Manual,96,6
683,1862586,2179,4,70,Diesel,1785,4585,1890,SUV,5,16,6,7,Automatic,96,6
684,1852488,2179,4,70,Diesel,1785,4585,1890,SUV,5,16,6,7,Manual,96,6
685,1973664,2179,4,70,Diesel,1785,4585,1890,SUV,5,16,6,7,Automatic,96,6
686,1230924,2179,4,70,Diesel,1785,4585,1890,SUV,5,16,6,7,Manual,96,2
687,1293214,72,4,52,Electric,1540,4247,1740,Sedan,4,110,5,5,Automatic,510,0
688,1267208,72,4,52,Electric,1540,4247,1740,Sedan,4,110,5,5,Automatic,510,0
689,1303241,72,4,52,Electric,1540,4247,1740,Sedan,4,110,5,5,Automatic,510,0
690,1639374,2179,4,60,Diesel,1791,4788,1903,SUV,5,14,6,7,Manual,128,2
691,1929417,2179,4,60,Diesel,1791,4788,1903,SUV,5,14,6,6,Manual,128,6
692,1912593,2179,4,60,Diesel,1791,4788,1903,SUV,5,14,6,6,Automatic,128,6
693,1796458,2179,4,52,Diesel,1791,4788,1903,SUV,5,14,6,6,Manual,128,6
694,1371864,2179,4,60,Diesel,1791,4788,1903,SUV,5,14,5,7,Manual,128,2
695,1531377,2179,4,60,Diesel,1791,4788,1903,SUV,5,14,6,7,Manual,128,2
696,1655587,2179,4,52,Diesel,1791,4788,1903,SUV,5,14,6,7,Automatic,128,2
697,1605000,2393,4,55,Diesel,1795,4735,1830,MUV,5,12,5,7,Manual,389,3
698,1927000,2393,4,55,Diesel,1795,4735,1830,MUV,5,12,5,7,Manual,389,3
699,1610000,2393,4,55,Diesel,1795,4735,1830,MUV,5,12,5,8,Manual,389,3
700,1932000,2393,4,55,Diesel,1795,4735,1830,MUV,5,12,5,8,Manual,389,3
701,2113000,2393,4,55,Diesel,1795,4735,1830,MUV,5,12,5,7,Manual,389,7
702,1620000,2694,4,55,Petrol,1795,4735,1830,MUV,5,11.2,6,8,Automatic,389,7
703,1615000,2694,4,55,Petrol,1795,4735,1830,MUV,5,11.2,6,7,Automatic,389,7
704,2103000,2393,4,55,Petrol,1795,4735,1830,MUV,5,11.2,6,7,Automatic,389,7
705,1807000,2393,4,55,Petrol,1795,4735,1830,MUV,5,11.2,5,7,Manual,389,3
706,1493000,2755,4,55,Petrol,1795,4735,1830,MUV,5,11.2,6,7,Manual,389,7
707,1498000,2755,4,55,Petrol,1795,4735,1830,MUV,5,11.2,6,8,Manual,389,7
708,2097000,2393,4,55,Diesel,1795,4735,1830,MUV,5,12,5,7,Manual,389,3
709,1892000,2393,4,55,Petrol,1795,4735,1830,MUV,5,11.2,5,7,Manual,389,3
710,2171000,2694,4,55,Petrol,1795,4735,1830,MUV,5,11.2,6,7,Automatic,389,7
711,1592000,2393,4,55,Diesel,1795,4735,1830,MUV,5,12,5,7,Manual,389,3
712,1587000,2393,4,55,Diesel,1795,4735,1830,MUV,5,12,5,8,Manual,389,3
713,1996000,1368,6,60,Petrol,1640,4395,1818,SUV,5,93.25,5,5,Automatic,389,2
714,1560000,1368,6,60,Petrol,1640,4395,1818,SUV,5,93.25,5,5,Manual,389,2
715,2055000,1368,6,60,Petrol,1640,4395,1818,SUV,5,93.25,5,5,Automatic,389,2
716,1661000,1956,6,60,Diesel,1640,4395,1818,SUV,5,93.25,5,5,Manual,389,2
717,1803000,1956,6,60,Diesel,1640,4395,1818,SUV,5,93.25,5,5,Manual,389,2
718,1888000,1956,6,60,Diesel,1640,4395,1818,SUV,5,93.25,6,5,Manual,389,2
719,1973000,1956,6,60,Diesel,1640,4395,1818,SUV,5,93.25,5,5,Manual,389,2
720,2022000,1956,6,60,Diesel,1640,4395,1818,SUV,5,93.25,5,5,Manual,389,2
721,2151000,1956,6,60,Diesel,1640,4395,1818,SUV,5,93.25,5,5,Manual,389,6
722,2199000,1956,6,60,Diesel,1640,4395,1818,SUV,5,93.25,5,5,Manual,389,6
723,2167000,1368,6,60,Petrol,1640,4395,1818,SUV,5,93.25,7,5,Automatic,389,6
724,2133000,1956,6,60,Diesel,1640,4395,1818,SUV,5,93.25,6,5,Manual,389,6
725,2311000,1956,6,60,Diesel,1640,4395,1818,SUV,5,93.25,6,5,Manual,389,6
726,1699000,1956,6,60,Diesel,1640,4395,1818,SUV,5,93.25,5,5,Manual,389,2
727,1599000,1368,6,60,Petrol,1640,4395,1818,SUV,5,93.25,5,5,Manual,389,2
728,1900000,1368,6,60,Petrol,1640,4395,1818,SUV,5,93.25,5,5,Automatic,389,2
729,2070000,1368,6,60,Petrol,1640,4395,1818,SUV,5,93.25,7,5,Automatic,389,6
730,2036300,1956,6,60,Diesel,1640,4395,1818,SUV,5,93.25,5,5,Manual,389,2
731,2214000,1956,6,60,Diesel,1640,4395,1818,SUV,5,93.25,5,5,Manual,389,6
732,2499000,1956,6,60,Diesel,1640,4395,1818,SUV,5,93.25,9,5,Automatic,389,6
733,2196000,1956,6,60,Diesel,1640,4395,1818,SUV,5,93.25,9,5,Automatic,389,2
734,1645000,1798,4,55,Petrol,1475,4620,1775,Sedan,4,9.5,6,5,Manual,470,3
735,1806000,1798,4,55,Petrol,1475,4620,1775,Sedan,4,9.5,7,5,Automatic,470,3
736,1882000,1798,4,55,Petrol,1475,4620,1775,Sedan,4,9.5,6,5,Manual,470,7
737,1936000,1364,4,43,Diesel,1475,4620,1775,Sedan,4,18.2,6,5,Manual,470,3
738,1771000,1364,4,43,Diesel,1475,4620,1775,Sedan,4,18.4,6,5,Manual,470,3
739,2019000,1798,4,55,Petrol,1475,4620,1775,Sedan,4,9.5,6,5,Automatic,470,7
740,1793900,1799,4,47,Petrol,1433,4656,1799,Sedan,4,93.25,7,5,Automatic,430,4
741,1944900,1799,4,47,Petrol,1433,4656,1799,Sedan,4,93.25,7,5,Automatic,430,4
742,2124900,1799,4,47,Petrol,1433,4656,1799,Sedan,4,93.25,7,5,Automatic,430,8
743,2054900,1597,4,47,Diesel,1433,4656,1799,Sedan,4,93.25,6,5,Manual,430,4
744,2234900,1597,4,47,Diesel,1433,4656,1799,Sedan,4,93.25,6,5,Manual,430,8
745,2088000,1859,4,52,Electric,1644,4314,1809,SUV,5,93.25,5,5,Automatic,448,6
746,2358000,1859,4,52,Electric,1644,4314,1809,SUV,5,93.25,5,5,Automatic,448,6
747,2495000,2199,4,52,Diesel,1755,5115,1985,MUV,5,93.25,8,7,Automatic,540,2
748,2515000,2199,4,52,Diesel,1755,5115,1985,MUV,5,93.25,8,7,Automatic,540,2
749,2895000,2199,4,52,Diesel,1755,5115,1985,MUV,5,93.25,8,7,Automatic,540,6
750,2995000,2199,4,52,Diesel,1755,5115,1985,MUV,5,93.25,8,7,Automatic,540,6
751,3395000,2199,4,52,Diesel,1755,5115,1985,MUV,5,93.25,8,7,Automatic,540,6
752,2599599,1798,4,66,Petrol,1483,4861,1864,Sedan,4,10.6,6,5,Manual,625,8
753,2779599,1798,4,66,Petrol,1483,4861,1864,Sedan,4,10.1,7,5,Automatic,625,8
754,3099599,1798,4,66,Petrol,1483,4861,1864,Sedan,4,113,7,5,Automatic,625,8
755,3349599,1968,4,66,Diesel,1483,4861,1864,Sedan,4,15.1,6,5,Automatic,625,8
756,3029599,1968,4,66,Diesel,1483,4861,1864,Sedan,4,15.1,6,5,Automatic,625,8
757,2599599,1798,4,66,Petrol,1483,4861,1864,Sedan,4,10.1,7,5,Automatic,625,8
758,2849599,1968,4,66,Diesel,1483,4861,1864,Sedan,4,15.1,6,5,Automatic,625,8
759,2769000,1984,5,60,Diesel,1420,4369,2041,Hatchback,5,168,6,5,Automatic,324,7
760,3191000,1984,5,60,Diesel,1420,4369,2041,Hatchback,5,168,6,5,Automatic,324,7
761,3205000,2755,4,80,Diesel,1835,4795,1855,SUV,5,12.55,5,7,Automatic,296,7
762,3019000,2755,4,80,Diesel,1835,4795,1855,SUV,5,1255,5,7,Manual,296,7
763,3216000,2755,4,80,Diesel,1835,4795,1855,SUV,5,1255,5,7,Manual,389,7
764,3395000,2755,4,80,Diesel,1835,4795,1855,SUV,5,1255,5,7,Automatic,389,7
765,2977000,2694,4,80,Petrol,1835,4795,1855,SUV,5,7.8,5,7,Automatic,389,7
766,2818000,2694,4,80,Petrol,1835,4795,1855,SUV,5,7.8,5,7,Manual,389,7
767,3420000,2755,4,80,Diesel,1835,4795,1855,SUV,5,12.55,6,7,Automatic,296,7
768,3470000,3198,5,80,Diesel,1837,4903,1869,SUV,5,7.7,6,7,Automatic,430,7
769,3233000,2198,4,80,Diesel,1837,4903,1869,SUV,5,9.3,6,7,Automatic,430,7
770,2920000,2198,4,80,Diesel,1837,4903,1869,SUV,5,9.3,6,7,Manual,430,6
771,2990000,1496,3,44,Diesel,1414,3821,1727,Hatchback,3,93.25,6,4,Automatic,211,2
772,3420000,1998,4,44,Petrol,1414,3850,1727,Hatchback,3,93.25,6,5,Automatic,211,2
773,3399000,1968,4,63,Diesel,1665,4697,1882,SUV,5,93.25,7,7,Automatic,270,9
774,3520000,1995,4,51,Diesel,1612,4439,2060,Crossover SUV,5,18,8,5,Automatic,420,6
775,3930000,1995,4,51,Diesel,1612,4439,2058,SUV Crossover,5,18,8,5,Automatic,420,6
776,4570000,1995,4,51,Diesel,1612,4439,2058,SUV Crossover,5,18,8,5,Automatic,420,6
777,4240000,1995,4,61,Diesel,1545,4477,2058,SUV,5,93.25,8,5,Automatic,419,6
778,3830000,1998,4,51,Petrol,1612,4439,1821,Crossover SUV,5,15.71,7,5,Automatic,420,6
779,5602000,1969,4,67,Petrol,1484,4635,2097,Sedan,4,13.2,8,5,Automatic,380,6
780,3850500,1984,5,68,Diesel,1484,4635,1865,Sedan,4,93.25,8,5,Automatic,380,6
781,4140000,1995,4,40,Diesel,1429,4633,1811,Sedan,5,93.25,8,5,Automatic,480,6
782,4690000,1995,4,40,Diesel,1429,4633,1811,Sedan,5,93.25,8,5,Automatic,480,6
783,4790000,1998,4,59,Petrol,1429,4633,1811,Sedan,5,93.25,8,5,Automatic,480,6
784,4426500,2400,5,67,Diesel,1539,4637,2097,Sedan Crossover,4,15.6,6,4,Automatic,380,6
785,5021200,1968,4,64,Diesel,1608,4388,1831,SUV,5,12,7,5,Automatic,460,8
786,5621200,1968,4,64,Diesel,1608,4388,1831,SUV,5,12,7,5,Automatic,460,8
787,5021200,1984,6,70,Petrol,1659,4663,1898,SUV,5,93.25,7,5,Automatic,550,8
788,5621200,1984,6,70,Petrol,1659,4663,1898,SUV,5,93.25,7,5,Automatic,550,8
789,5494000,1999,4,52,Diesel,1649,4371,1996,SUV,5,93.25,9,5,Automatic,389,6
790,5985000,1999,4,52,Diesel,1649,4371,1996,SUV,5,93.25,9,5,Automatic,389,6
791,5494000,1997,4,52,Petrol,1649,4371,1996,SUV,5,93.25,9,5,Automatic,389,6
792,5985000,1997,4,52,Petrol,1649,4371,1996,SUV,5,93.25,9,5,Automatic,389,6
793,5861062,1991,4,80,Petrol,1494,5063,1860,Sedan,4,8.5,5,5,Automatic,540,7
794,7285332,2987,6,80,Diesel,1494,5063,1860,Sedan,4,7.45,5,5,Automatic,540,7
795,5964321,2987,6,80,Diesel,1494,5063,1860,Sedan,4,93.25,5,5,Automatic,540,7
796,15000000,5461,8,80,Petrol,1474,4879,1854,Sedan,4,4.5,7,4,Automatic,540,6
797,5750000,1991,4,80,Petrol,1494,5063,1860,Sedan,4,8.5,5,5,Automatic,540,7
798,6150000,1991,4,80,Petrol,1494,5063,1860,Sedan,4,8.5,5,5,Automatic,540,7
799,5850000,2987,6,80,Diesel,1494,5063,1860,Sedan,4,93.25,5,5,Automatic,540,7
800,6250000,2987,6,80,Diesel,1494,5063,1860,Sedan,4,93.25,5,5,Automatic,540,7
801,5990000,1969,5,70,Diesel,1658,4688,1902,SUV,5,11.7,6,5,Automatic,495,8
802,6060000,1995,4,60,Diesel,1621,4752,1918,SUV,5,93.25,8,5,Automatic,1400,6
803,6590000,2993,6,68,Diesel,1621,4752,1918,SUV,5,93.25,8,5,Automatic,1400,6
804,6350000,1998,6,68,Petrol,1621,4752,1918,SUV,5,93.25,8,5,Automatic,1400,6
805,6394000,1999,4,85,Petrol,1838,4882,1877,SUV,5,17.5,8,5,Automatic,389,6
806,6426497,1991,4,60,Petrol,1409,4686,1810,Convertible,2,93.25,9,4,Automatic,389,8
807,6490000,1998,4,52,Petrol,1304,4324,2024,Sports Convertible,2,93.25,8,2,Automatic,281,4
808,7890000,2998,6,52,Petrol,1304,4324,1459,Sports Convertible,2,93.25,8,2,Automatic,281,4
809,6840000,2143,4,93,Diesel,1880,5370,1928,MUV,5,93.25,7,7,Automatic,389,6
810,8190000,2143,4,93,Diesel,1880,5140,1928,MUV,5,93.25,7,6,Automatic,389,6
811,11000000,1950,4,70,Diesel,1901,5140,1928,MPV,5,93.25,9,6,Automatic,389,10
812,7221500,2967,6,75,Diesel,1740,5052,1968,SUV,5,9.3,8,7,Automatic,295,8
813,8021500,2967,6,75,Diesel,1740,5052,1968,SUV,5,9.3,8,7,Automatic,295,8
814,6921500,1984,6,75,Petrol,1740,5052,1968,SUV,5,93.25,8,7,Automatic,295,8
815,7621500,1984,6,75,Petrol,1740,5052,1968,SUV,5,93.25,8,7,Automatic,295,8
816,8111500,2967,6,75,Diesel,1740,5052,1968,SUV,5,9.3,8,7,Automatic,295,8
817,7711500,1984,6,75,Petrol,1740,5052,1968,SUV,5,93.25,8,7,Automatic,295,8
818,6952964,1998,4,52,Petrol,1609,4370,1900,Convertible,5,15.68,9,4,Automatic,251,7
819,7246802,1999,4,52,Diesel,1665,4797,2145,SUV,5,15.68,9,5,Automatic,389,6
820,7246802,1997,4,65,Petrol,1665,4797,2145,SUV,5,12.63,9,5,Automatic,389,6
821,7500000,1950,6,80,Diesel,1475,4933,1852,SUV,4,93.25,5,5,Automatic,540,7
822,8790000,1969,4,68,Diesel,1776,4950,2140,SUV,5,13.2,8,7,Automatic,530,6
823,8090000,1969,4,68,Diesel,1776,4950,2140,SUV,5,13.2,8,7,Automatic,530,6
824,13124000,1969,4,68,Hybrid,1776,4950,2140,SUV,5,5,8,4,Automatic,530,6
825,9665000,1969,4,68,Hybrid,1776,4950,2140,SUV,5,93.25,8,7,Automatic,300,7
826,8491500,1969,4,68,Diesel,1776,4950,2140,SUV,5,13.2,8,7,Automatic,530,6
827,20517853,4999,8,52,Petrol,1803,4882,2220,SUV,5,93.25,5,5,Automatic,389,0
828,8670586,1997,8,105,Petrol,1803,4879,2220,SUV,5,93.25,8,7,Automatic,389,8
829,9448181,1997,8,105,Petrol,1803,4879,2220,SUV,5,93.25,8,7,Automatic,389,8
830,11476911,2995,6,85,Petrol,1803,4879,2220,SUV,5,93.25,8,7,Automatic,909,8
831,15600000,1997,8,105,Petrol,1803,4879,2220,SUV,5,93.25,8,7,Automatic,389,8
832,13228725,2995,6,85,Petrol,1803,4879,2220,SUV,5,93.25,8,7,Automatic,909,8
833,17940227,4999,8,52,Petrol,1803,4879,2220,SUV,5,93.25,5,5,Automatic,389,8
834,10373732,2993,6,80,Diesel,1803,4879,2220,SUV,5,93.25,8,5,Automatic,1761,8
835,11913021,2993,6,80,Diesel,1803,4879,2220,SUV,5,93.25,8,5,Automatic,1761,8
836,14908985,4367,8,105,Diesel,1803,4879,2220,SUV,5,5.9,8,7,Automatic,389,8
837,9738609,2993,6,82,Diesel,1457,5252,1899,Sedan,4,9.5,8,5,Automatic,520,6
838,10725145,2993,6,83,Diesel,1457,5252,1899,Sedan,4,9.5,8,5,Automatic,520,6
839,11129599,2993,6,82,Diesel,1460,5255,1899,Sedan,4,9.5,8,5,Automatic,478,6
840,15806000,2995,6,75,Hybrid,1696,4918,1983,SUV,5,93.25,8,5,Automatic,645,10
841,19210000,3996,6,90,Petrol,1673,4926,1983,SUV,5,93.25,8,5,Automatic,745,10
842,11936000,2995,6,75,Petrol,1705,4918,1983,SUV,5,93.25,8,5,Automatic,770,10
843,13387856,2987,4,70,Diesel,1461,4971,2100,SUV,4,93.25,8,5,Automatic,500,0
844,13881858,2987,4,70,Diesel,1461,4971,2100,SUV,4,93.25,8,5,Automatic,500,0
845,14247814,2987,4,70,Diesel,1461,4971,2100,SUV,4,93.25,8,5,Automatic,500,0
846,14699000,4461,8,93,Diesel,1910,4950,1980,SUV,5,5.3,6,7,Automatic,621,8
847,17072000,3993,8,75,Petrol,1419,5012,1911,Sedan Coupe,4,5.6,8,4,Automatic,535,8
848,26037526,4999,8,105,Petrol,1877,4999,2034,SUV,5,4.4,8,7,Automatic,389,10
849,32522000,4999,8,105,Petrol,1827,4999,2220,SUV,5,4.4,8,5,Automatic,389,8
850,19527130,2995,6,85,Petrol,1840,5199,2220,SUV,5,8.1,8,7,Automatic,909,8
851,40499548,4999,8,65,Petrol,1835,4999,2220,SUV,4,8,5,5,Automatic,909,8
852,18185267,2993,6,52,Diesel,1868,5200,2120,SUV,5,93.25,8,5,Automatic,909,8
853,19527130,2993,6,52,Diesel,1868,5200,2073,SUV,5,93.25,8,7,Automatic,389,8
854,25174051,4367,8,52,Diesel,1868,5200,2073,SUV,5,93.25,8,7,Automatic,389,8
855,39294685,4367,8,52,Diesel,1868,5200,2073,SUV,5,8.69,8,4,Automatic,389,8
856,23675691,4367,8,52,Diesel,1868,5200,2073,SUV,5,93.25,8,7,Automatic,389,8
857,21398758,2995,6,85,Petrol,1840,5199,2220,SUV,5,8.1,8,7,Automatic,909,8
858,19865675,4691,8,75,Petrol,1353,4881,2056,Convertible,2,4,6,4,Automatic,173,4
859,21583466,3982,8,75,Petrol,1288,4546,1939,Coupe,2,5,7,2,Automatic,350,8
860,23264134,3982,8,75,Petrol,1284,4551,2007,Coupe,2,5,7,2,Automatic,350,8
861,22733626,3982,8,75,Petrol,1259,4544,1939,Coupe,2,5,7,2,Automatic,165,8
862,24200000,1859,8,65,Petrol,1447,5054,1953,Coupe,4,93.25,7,4,Automatic,389,0
863,37133704,5204,10,90,Petrol,1165,4459,1924,Coupe,2,5.6,7,2,Automatic,70,4
864,32452486,5204,10,90,Petrol,1165,4459,1924,Coupe,2,5.8,7,2,Automatic,70,4
865,35150732,5204,10,90,Petrol,1165,4459,1924,Coupe,2,10.6,7,2,Automatic,70,4
866,37614126,5204,10,90,Petrol,1165,4459,1924,Coupe,2,5.6,7,2,Automatic,70,4
867,35535000,5204,10,90,Petrol,1165,4459,1924,Coupe,2,5.8,7,2,Automatic,70,4
868,40742932,5204,10,90,Petrol,1165,4459,1924,Coupe,2,5.6,7,2,Automatic,70,4
869,37300000,5204,10,90,Petrol,1165,4459,1924,Coupe,2,5.6,7,2,Automatic,70,4
870,41000000,5204,10,52,Petrol,1165,4459,1924,Convertible,2,5.6,7,2,Automatic,389,4
871,32200000,5204,10,90,Petrol,1165,4520,1933,Coupe,2,5.6,7,2,Automatic,70,4
872,36761413,3902,8,78,Petrol,1213,4568,1952,Coupe,2,3.2,7,2,Automatic,230,4
873,39319552,3902,8,78,Petrol,1213,4568,1952,Coupe,2,3.2,7,2,Automatic,230,4
874,42000000,3900,8,91,Petrol,1383,4922,1980,Coupe,2,93.25,7,4,Automatic,450,4
875,52000000,6262,8,91,Petrol,1383,4922,1980,Coupe,2,93.25,7,4,Automatic,450,4
876,47893943,6498,12,90,Petrol,1136,4780,2030,Convertible,2,3,7,2,Automatic,110,6
877,53210327,6498,12,90,Petrol,1136,4780,2030,Convertible,2,3.6,7,2,Automatic,110,6
878,47467700,6498,12,90,Petrol,1136,4797,2030,Coupe,2,3.6,7,2,Automatic,110,6
879,59216193,6598,12,80,Petrol,1502,5285,1947,Convertible,2,7.9,8,4,Automatic,460,8
880,83755383,6749,12,100,Petrol,1638,5842,1990,Convertible,2,4.38,8,4,Automatic,460,6
881,282778,796,3,35,Petrol,1640,3370,1410,MPV,5,13,4,5,Manual,525,0
882,284485,796,3,36,Petrol,1640,3370,1410,MPV,5,13,4,8,Manual,525,0
883,412292,1198,3,35,Petrol,1507,3995,1635,MPV,5,12.8,5,7,Manual,347,2
884,552656,1198,3,35,Petrol,1507,3995,1635,MPV,5,12.8,5,7,Manual,347,2
885,574448,1198,3,35,Petrol,1507,3995,1635,MPV,5,16.3,5,7,Manual,347,2
886,555196,1198,3,35,Petrol,1507,3995,1635,MPV,5,20.62,5,7,Manual,347,2
887,500575,1198,3,35,Petrol,1507,3995,1635,MPV,5,20.62,5,7,Manual,347,2
888,593361,1198,3,35,Petrol,1507,3995,1635,MPV,5,12.8,5,7,Manual,347,2
889,615153,1198,3,35,Petrol,1507,3995,1635,MPV,5,16.3,5,7,Manual,347,2
890,658361,1198,3,35,Petrol,1507,3995,1635,MPV,5,12.8,5,7,Manual,347,2
891,680153,1198,3,35,Petrol,1507,3995,1635,MPV,5,16.3,5,7,Manual,347,2
892,482330,1172,4,45,Petrol,1525,3987,1687,Hatchback,5,12,5,5,Manual,280,0
893,575947,1248,4,45,Diesel,1525,3989,1687,Hatchback,5,93.25,5,5,Manual,280,1
894,523000,1194,4,42,Petrol,1525,3941,1704,Hatchback,5,93.25,5,5,Manual,389,2
895,623000,1498,4,40,Diesel,1525,3941,1704,Hatchback,5,17,5,5,Manual,389,2
896,599900,1196,4,42,Petrol,1525,3941,1704,Hatchback,5,93.25,5,5,Manual,389,2
897,699900,1498,4,40,Diesel,1525,3941,1704,Hatchback,5,93.25,5,5,Manual,389,2
898,664900,1194,4,42,Petrol,1525,3941,1704,Hatchback,5,93.25,5,5,Manual,389,6
899,764900,1498,4,40,Diesel,1525,3941,1704,Hatchback,5,93.25,5,5,Manual,389,6
900,746621,1248,4,37,Diesel,1510,3995,1745,Hatchback,5,27.39,5,5,Manual,339,2
901,868221,1248,4,37,Diesel,1500,3995,1745,Hatchback,5,27.39,5,5,Manual,339,2
902,668611,1248,4,37,Diesel,1500,3995,1745,Hatchback,5,27.39,5,5,Manual,339,2
903,807921,1248,4,37,Diesel,1500,3995,1745,Hatchback,5,27.39,5,5,Manual,339,2
904,758212,1197,4,37,Petrol,1510,3995,1745,Hatchback,5,21.4,5,5,Manual,339,2
905,890212,1197,4,37,Petrol,1510,3995,1745,Hatchback,5,21.4,5,5,Automatic,339,2
906,636612,1197,4,37,Petrol,1510,3995,1745,Hatchback,5,21.4,5,5,Manual,339,2
907,768612,1197,4,37,Petrol,1510,3995,1745,Hatchback,5,21.4,5,5,Automatic,339,2
908,558602,1197,4,37,Petrol,1510,3995,1745,Hatchback,5,21.4,5,5,Manual,339,2
909,697912,1197,4,37,Petrol,1510,3995,1745,Hatchback,5,21.4,5,5,Manual,339,2
910,733412,1197,4,37,Petrol,1510,3995,1745,Hatchback,5,21.4,5,5,Manual,339,2
911,789912,1197,4,37,Petrol,1510,3995,1745,Hatchback,5,21.4,5,5,Manual,339,2
912,829912,1197,4,37,Petrol,1510,3995,1745,Hatchback,5,21.4,5,5,Automatic,339,2
913,586428,1197,4,43,Petrol,1520,3765,1660,Hatchback,5,18.9,5,5,Manual,256,2
914,620637,1197,4,43,Petrol,1520,3765,1660,Hatchback,5,18.9,5,5,Manual,256,2
915,652328,1197,4,43,Petrol,1520,3765,1660,Hatchback,5,18.9,5,5,Automatic,256,2
916,705538,1197,4,43,Petrol,1520,3765,1660,Hatchback,5,18.9,5,5,Automatic,256,2
917,640537,1197,4,43,Petrol,1520,3765,1660,Hatchback,5,18.9,5,5,Manual,256,2
918,653452,1197,4,43,CNG,1520,3765,1660,Hatchback,5,93.25,5,5,Manual,256,2
919,751203,1248,4,45,Diesel,1487,4560,1730,Sedan,4,16.2,5,5,Manual,500,0
920,646336,1368,4,45,Petrol,1487,4560,1730,Sedan,4,11.4,5,5,Manual,500,0
921,808558,1248,4,45,Diesel,1487,4560,1730,Sedan,4,16.2,5,5,Manual,500,0
922,707025,1498,4,41,Petrol,1515,4455,1695,Sedan,4,10.6,5,5,Manual,490,1
923,836461,1498,4,41,Petrol,1515,4455,1695,Sedan,4,10.6,5,5,Manual,490,1
924,912534,1461,4,41,Diesel,1515,4455,1695,Sedan,4,18,5,5,Manual,490,1
925,993997,1461,4,41,Diesel,1515,4455,1695,Sedan,4,18,5,5,Manual,490,2
926,860997,1461,4,41,Diesel,1515,4455,1695,Sedan,4,18,5,5,Manual,490,1
927,993997,1498,4,41,Petrol,1515,4455,1695,Sedan,4,10.6,5,5,Automatic,490,2
928,877285,1461,4,41,Diesel,1515,4455,1695,Sedan,4,18,5,5,Manual,490,2
929,759000,1462,4,45,Petrol,1690,4395,1735,MPV,5,93.25,5,7,Manual,209,2
930,917000,1462,4,45,Petrol,1685,4265,1695,MPV,5,93.25,5,7,Manual,209(All3RowsUp).550(3rdRowFolded)&803(2ndRowand3rdRowFolded) ,2
931,936000,1462,4,45,Petrol,1690,4395,1735,MUV,5,93.25,4,7,Automatic,209(All3RowsUp).550(3rdRowFolded)&803(2ndRowand3rdRowFolded) ,2
932,971000,1462,4,45,Petrol,1690,4395,1735,MUV,5,93.25,5,7,Manual,209(All3RowsUp).550(3rdRowFolded)&803(2ndRowand3rdRowFolded) ,2
933,834000,1462,4,45,Petrol,1685,4265,1695,MUV,5,93.25,5,7,Manual,209(All3RowsUp).550(3rdRowFolded)&803(2ndRowand3rdRowFolded) ,2
934,1013000,1462,4,45,Petrol,1685,4265,1695,MPV,5,93.25,4,7,Automatic,209(All3RowsUp).550(3rdRowFolded)&803(2ndRowand3rdRowFolded) ,2
935,986689,1498,4,45,Diesel,1690,4395,1735,MPV,5,93.25,6,7,Manual,209(All3RowsUp).550(3rdRowFolded)&803(2ndRowand3rdRowFolded) ,2
936,1069689,1498,4,45,Diesel,1690,4395,1735,MPV,5,93.25,6,7,Manual,209(All3RowsUp).550(3rdRowFolded)&803(2ndRowand3rdRowFolded) ,2
937,1120689,1498,4,45,Diesel,1690,4395,1735,MPV,5,93.25,6,7,Manual,209(All3RowsUp).550(3rdRowFolded)&803(2ndRowand3rdRowFolded) ,2
938,887689,1462,4,45,CNG + Petrol,1685,4265,1695,MUV,5,93.25,5,7,Manual,209(All3RowsUp).550(3rdRowFolded)&803(2ndRowand3rdRowFolded) ,2
939,788913,998,3,37,Petrol,1510,3995,1745,Hatchback,5,21.4,5,5,Manual,339,2
940,1035000,1498,4,40,Diesel,1601,3999,1734,SUV,5,25.5,7,5,Manual,363,2
941,925000,1199,4,40,Petrol,1601,3999,1734,SUV,5,17.5,7,5,Manual,363,2
942,925000,1498,4,40,Diesel,1601,3999,1734,SUV,5,25.5,7,5,Manual,363,2
943,815000,1199,4,40,Petrol,1601,3999,1734,SUV,5,17.5,7,5,Manual,363,2
944,916050,1498,4,40,Diesel,1601,3999,1734,SUV,5,25.5,7,5,Manual,363,2
945,808050,1199,4,40,Petrol,1601,3999,1734,SUV,5,17.5,7,5,Manual,363,2
946,1048050,1498,4,40,Diesel,1601,3999,1734,SUV,5,25.5,7,5,Manual,363,2
947,935050,1199,4,40,Petrol,1601,3999,1734,SUV,5,17.5,7,5,Manual,363,2
948,995000,1498,4,40,Diesel,1601,3999,1734,SUV,5,25.5,7,5,Manual,363,2
949,854328,1493,3,60,Diesel,1817,3995,1835,SUV,5,18.49,5,7,Manual,384,2
950,914328,1493,3,60,Diesel,1817,3995,1835,SUV,5,18.49,5,7,Manual,384,2
951,976592,1493,3,60,Diesel,1817,3995,1835,SUV,5,18.49,5,7,Manual,384,2
952,999614,1493,3,60,Diesel,1839,3995,1835,SUV,5,18.49,5,7,Manual,384,2
953,1031943,1493,3,60,Diesel,1839,3995,1835,SUV,5,18.49,5,7,Manual,384,2
954,1022930,1493,3,60,Diesel,1839,3995,1835,SUV,5,18.49,5,7,Manual,384,2
955,1055259,1493,3,60,Diesel,1839,3995,1835,SUV,5,18.49,5,7,Manual,384,2
956,880689,1248,4,48,Diesel,1595,4300,1785,Crossover,5,23.65,5,5,Manual,375,2
957,992689,1248,4,48,Diesel,1595,4300,1785,Crossover,5,23.65,5,5,Manual,375,2
958,1043689,1248,4,48,Diesel,1595,4300,1785,Crossover,5,23.65,5,5,Manual,375,2
959,1143689,1248,4,48,Diesel,1595,4300,1785,Crossover,5,23.65,5,5,Manual,375,2
960,949999,1498,4,50,Petrol,1619,4329,1813,SUV,5,93.25,5,5,Manual,392,2
961,1049999,1461,4,50,Diesel,1619,4329,1813,SUV,5,93.25,6,5,Manual,392,2
962,1299999,1461,4,50,Diesel,1619,4329,1813,SUV,5,93.25,6,5,Manual,392,4
963,1199999,1498,4,50,Petrol,1619,4329,1813,SUV,5,93.25,5,5,Manual,392,2
964,963037,2489,4,55,Diesel,1895,4520,1850,SUV,5,10.7,5,7,Manual,400,0
965,1004487,2489,4,55,Diesel,1895,4520,1850,SUV,5,10.3,5,7,Manual,400,0
966,1031951,2179,4,55,Diesel,1895,4520,1850,SUV,5,11.4,5,7,Manual,400,0
967,1066139,2179,4,55,Diesel,1895,4520,1850,SUV,5,11.4,5,7,Manual,400,0
968,1228335,2179,4,55,Diesel,1895,4520,1850,SUV,5,11.4,5,8,Manual,400,2
969,989000,1497,4,60,Petrol,1645,4315,1800,SUV,5,93.25,6,5,Manual,433,2
970,1029000,1497,4,60,Petrol,1645,4315,1800,SUV,5,93.25,6,5,Manual,433,2
971,1149000,1497,4,60,Petrol,1645,4315,1800,SUV,5,93.25,6,5,Manual,433,4
972,1309000,1497,4,60,Petrol,1645,4315,1800,SUV,5,93.25,6,5,Manual,433,2
973,1409000,1497,4,60,Petrol,1645,4315,1800,SUV,5,93.25,6,5,Automatic,433,4
974,1034000,1493,4,60,Diesel,1645,4315,1800,SUV,5,93.25,6,5,Manual,433,2
975,1154000,1493,4,60,Diesel,1645,4315,1800,SUV,5,93.25,6,5,Manual,433,2
976,1254000,1493,4,60,Diesel,1645,4315,1800,SUV,5,93.25,6,5,Manual,433,4
977,1354000,1493,4,60,Diesel,1645,4315,1800,SUV,5,93.25,6,5,Automatic,433,4
978,1534000,1493,4,60,Diesel,1645,4315,1800,SUV,5,93.25,6,5,Manual,433,4
979,1634000,1493,4,60,Diesel,1645,4315,1800,SUV,5,93.25,6,5,Automatic,433,4
980,1379000,1353,4,50,Petrol,1645,4315,1800,SUV,5,93.25,6,5,Manual,433,2
981,1529000,1353,4,50,Petrol,1645,4315,1800,SUV,5,93.25,6,5,Manual,433,4
982,1629000,1353,4,50,Petrol,1645,4315,1800,SUV,5,93.25,7,5,DCT,433,4
983,1629000,1353,4,50,Petrol,1645,4315,1800,SUV,5,93.25,6,5,Manual,433,4
984,1414000,1493,4,60,Diesel,1645,4315,1800,SUV,5,93.25,6,5,Manual,433,4
985,999900,1461,4,50,Diesel,1671,4331,1822,SUV,5,17.1,5,5,Manual,475,2
986,1464900,1461,4,50,Diesel,1671,4331,1822,SUV,5,16,6,5,Automatic,475,2
987,999900,1598,4,50,Petrol,1671,4331,1822,SUV,5,10.1,5,5,Manual,475,2
988,1235700,1461,4,50,Diesel,1671,4331,1822,SUV,5,17.1,5,5,Manual,475,2
989,1419900,1461,4,50,Diesel,1671,4331,1822,SUV,5,16,6,5,Manual,475,2
990,1235700,1461,4,50,Diesel,1671,4331,1822,SUV,5,17.1,5,5,Manual,475,2
991,1109005,2179,4,63,Diesel,1922,4655,1855,SUV,5,10.8,5,7,Manual,981,0
992,1335158,2179,4,63,Diesel,1922,4655,1965,SUV,5,10.8,5,7,Manual,981,0
993,1479574,2179,4,63,Diesel,1922,4655,1965,SUV,5,10.8,6,7,Manual,981,2
994,1643829,2179,4,63,Diesel,1922,4655,1965,SUV,5,1393,6,7,Manual,981,2
995,1248000,1500,4,52,Petrol,1760,4655,1835,SUV,5,93.25,6,5,Manual,389,2
996,1348000,2000,4,52,Diesel,1760,4655,1835,SUV,5,93.25,6,5,Manual,389,2
997,1448000,2000,4,52,Diesel,1760,4655,1835,SUV,5,93.25,6,5,Manual,389,2
998,1588000,2000,4,52,Diesel,1760,4655,1835,SUV,5,93.25,6,5,Manual,389,6
999,1728000,2000,4,52,Diesel,1760,4655,1835,SUV,5,93.25,6,5,Manual,389,6
1000,1328000,1500,4,52,Petrol,1760,4655,1835,SUV,5,93.25,6,5,Manual,389,2
1001,1388000,1500,4,52,Hybrid,1760,4655,1835,SUV,5,93.25,6,5,Manual,389,2
1002,1628000,1500,4,52,Hybrid,1760,4655,1835,SUV,5,93.25,6,5,Manual,389,6
1003,1498000,1500,4,52,Hybrid,1760,4655,1835,SUV,5,93.25,6,5,Manual,389,6
1004,1568000,1500,4,52,Petrol,1760,4655,1835,SUV,5,93.25,6,5,DCT,389,6
1005,1718000,1500,4,52,Petrol,1760,4655,1835,SUV,5,93.25,6,5,DCT,389,6
1006,1399000,1859,4,52,Electric,1607,3994,1811,SUV,5,93.25,5,5,Automatic,389,2
1007,1499000,1859,4,52,Electric,1607,3994,1811,SUV,5,93.25,5,5,Automatic,389,2
1008,1599000,1859,4,52,Electric,1607,3994,1811,SUV,5,93.25,5,5,Automatic,389,2
1009,1589000,1999,4,50,Petrol,1465,4620,1800,Sedan,4,13.1,6,5,Manual,389,6
1010,1849000,1999,4,50,Petrol,1465,4620,1800,Sedan,4,13.1,6,5,Manual,389,6
1011,1949000,1999,4,50,Petrol,1465,4620,1800,Sedan,4,13.1,6,5,AMT,389,6
1012,2039000,1999,4,50,Petrol,1465,4620,1800,Sedan,4,13.1,6,5,AMT,389,6
1013,2079717,1995,4,62,Diesel,1660,4475,1850,SUV,5,1638,5,5,Manual,389,2
1014,1876656,1999,4,62,Petrol,1660,4475,1850,SUV,5,133,5,5,Manual,389,2
1015,2364354,1995,4,62,Diesel,1660,4475,1850,SUV,5,1638,5,5,Automatic,389,6
1016,2187384,1999,4,62,Petrol,1660,4475,1850,SUV,5,133,5,5,Automatic,389,6
1017,2697417,1995,4,62,Diesel,1660,4475,1850,SUV,5,16.38,5,5,Automatic,389,6
1018,2373522,1999,4,62,Petrol,1660,4475,1850,SUV,5,13.3,5,5,Automatic,389,6
1019,2246749,1999,4,62,Petrol,1660,4475,1850,SUV,5,13.3,5,5,Automatic,389,6
1020,2423720,1995,4,62,Diesel,1660,4475,1850,SUV,5,16.38,5,5,Automatic,389,6
1021,3021500,1968,4,55,Diesel,1456,4767,1832,Sedan,4,93.25,7,5,Automatic,586,9
1022,3321500,1968,4,66,Diesel,1456,4767,1832,Sedan,4,93.25,7,5,Automatic,586,9
1023,2599000,1968,4,55,Diesel,1456,4767,1832,Sedan,4,93.25,7,5,Automatic,586,9
1024,2899000,1968,4,66,Diesel,1456,4767,1832,Sedan,4,93.25,7,5,Automatic,586,9
1025,2785288,1595,4,50,Petrol,1433,4292,1780,Hatchback,5,12.03,7,5,Automatic,341,8
1026,2886871,2143,4,50,Diesel,1433,4292,2022,Hatchback,5,12.03,7,5,Automatic,341,8
1027,3283000,1984,5,60,Diesel,1458,4370,1783,Hatchback,5,13.05,6,5,Automatic,324,7
1028,2962000,1596,4,50,Petrol,1470,4370,1857,Hatchback,5,12,6,5,Automatic,324,7
1029,3490000,1998,4,47,Petrol,1557,4299,1822,Hatchback,5,93.25,8,5,Automatic,350,6
1030,3740000,1998,4,47,Diesel,1557,4299,1822,Hatchback,5,93.25,8,5,Automatic,350,6
1031,4140000,1998,4,47,Petrol,1557,4299,1822,Hatchback,5,93.25,8,5,Automatic,350,6
1032,4240000,1998,4,47,Petrol,1557,4299,1822,Hatchback,5,93.25,8,5,Automatic,350,6
1033,4020000,1950,4,66,Diesel,1442,4686,1810,Sedan,4,93.25,9,5,Automatic,480,7
1034,4670000,1950,4,66,Diesel,1442,4686,1810,Sedan,4,93.25,9,5,Automatic,480,7
1035,4974750,1950,4,66,Diesel,1442,4686,1810,Sedan,4,93.25,9,5,Automatic,480,7
1036,7500000,3982,8,66,Petrol,1426,4756,1839,Coupe,4,93.25,7,5,Automatic,435,7
1037,4090000,1497,4,66,Petrol,1442,4686,1810,Sedan,4,93.25,9,5,Automatic,480,7
1038,4654000,1497,4,66,Petrol,1442,4686,1810,Sedan,4,93.25,9,5,Automatic,480,7
1039,4509000,1798,4,43,Hybrid,1490,4540,1760,Sedan,4,15.1,5,5,Automatic,389,7
1040,5695000,2487,4,52,Hybrid,1445,4975,1865,Sedan,4,17.8,5,5,Automatic,389,10
1041,6060000,2494,6,56,Petrol,1645,4.64,1.845,SUV,4,93.25,5,5,Automatic,475,8
1042,5990000,2494,6,56,Petrol,1645,4640,1845,SUV,4,93.25,5,5,Automatic,475,8
1043,6463780,1999,4,60,Diesel,1651,4731,2175,SUV,5,21.27,5,5,Automatic,650,6
1044,6422809,1997,4,60,Petrol,1651,4731,2175,SUV,5,93.25,5,5,Automatic,650,6
1045,6531000,1969,4,60,Diesel,1543,4950,2052,SUV,5,13.2,8,5,Automatic,530,6
1046,6948200,1968,4,58,Diesel,1386,4733,1843,Convertible,2,93.25,7,4,Automatic,480,4
1047,7370000,1950,4,93,Diesel,1772,4924,2157,SUV,5,93.25,9,5,Automatic,825,7
1048,12500000,2925,6,93,Diesel,1772,4924,2157,SUV,5,93.25,9,5,Automatic,825,7
1049,8470000,1950,4,52,Diesel,1435,4988,1890,Sedan,5,93.25,9,5,Automatic,389,7
1050,10490000,2998,6,80,Petrol,1805,5151,2000,SUV,5,93.25,8,7,Automatic,326,9
1051,10250000,2993,6,80,Diesel,1805,5151,2000,SUV,5,93.25,8,7,Automatic,326,9
1052,13590000,2979,6,60,Petrol,1383,4671,1870,Coupe,2,7.32,7,4,Automatic,368,10
1053,17420000,2981,6,64,Petrol,1300,4519,1852,Coupe,2,7.9,8,4,Automatic,132,4
1054,18844000,2981,6,64,Petrol,1299,4519,1852,Convertible,2,11.6,8,4,Automatic,132,4
1055,21240272,3799,6,74,Petrol,1370,4710,1895,Coupe,2,9,6,4,Automatic,249,6
1056,29500000,3982,8,73,Petrol,1273,4465,2153,Coupe,2,5,8,2,Automatic,389,6
1057,38845823,5935,12,91,Petrol,1360,5019,1929,Sedan,4,9.1,8,4,Automatic,300,8
1058,52000000,6496,12,92,Petrol,1276,4657,1971,Coupe,2,93.25,7,2,Automatic,389,4
1059,354235,796,3,35,Petrol,1475,3430,1490,Hatchback,5,18,5,5,Manual,177,0
1060,356559,796,3,35,Petrol,1475,3395,1490,Hatchback,5,18,5,5,Manual,177,1
1061,675090,1186,3,37,Diesel,1520,3805,1680,Hatchback,5,20.7,5,5,Manual,256,2
1062,504990,1197,4,37,Petrol,1520,3805,1680,Hatchback,5,93.25,5,5,Manual,256,2
1063,589610,1197,4,37,Petrol,1520,3805,1680,Hatchback,5,93.25,5,5,Manual,256,2
1064,642610,1197,4,37,Petrol,1520,3805,1680,Hatchback,5,93.25,5,5,Automatic,256,2
1065,643350,1197,4,37,Petrol,1520,3805,1680,Hatchback,5,93.25,5,5,Manual,256,2
1066,703350,1197,4,37,Petrol,1520,3805,1680,Hatchback,5,93.25,5,5,Automatic,256,2
1067,673350,1197,4,37,Petrol,1520,3805,1680,Hatchback,5,93.25,5,5,Manual,256,2
1068,718950,1197,4,37,Petrol,1520,3805,1680,Hatchback,5,93.25,5,5,Manual,256,2
1069,790350,1186,3,37,Diesel,1520,3805,1680,Hatchback,5,93.25,5,5,Automatic,256,2
1070,804450,1186,3,37,Diesel,1520,3805,1680,Hatchback,5,93.25,5,5,Manual,256,2
1071,643769,1197,4,43,Petrol,1520,3995,1660,Sedan,4,15.7,5,5,Manual,407,2
1072,733734,1197,4,43,Petrol,1520,3995,1660,Sedan,4,15.7,4,5,Automatic,407,2
1073,705546,1197,4,43,Petrol,1520,3995,1660,Sedan,4,15.7,5,5,Manual,407,2
1074,782346,1197,4,43,Petrol,1520,3995,1660,Sedan,4,15.7,5,5,Manual,407,2
1075,742033,1120,3,43,Diesel,1520,3995,1660,Sedan,4,19,5,5,Manual,407,2
1076,581078,1197,4,43,Petrol,1520,3995,1660,Sedan,4,15.7,5,5,Manual,407,2
1077,798558,1120,3,43,Diesel,1520,3995,1660,Sedan,4,19,5,5,Manual,407,2
1078,875358,1120,3,43,Diesel,1520,3995,1660,Sedan,4,19,5,5,Manual,407,2
1079,673261,1197,4,43,Diesel,1520,3995,1660,Sedan,4,19,5,5,Manual,407,2
1080,662880,1198,3,41,Petrol,1530,3825,1665,Hatchback,5,93.25,5,5,Automatic,251,2
1081,781686,1198,3,41,Petrol,1530,3825,1665,Hatchback,5,93.25,5,5,Automatic,251,2
1082,743504,1461,4,41,Diesel,1525,3825,1665,Hatchback,5,93.25,5,5,Manual,251,2
1083,812964,1461,4,41,Diesel,1525,3825,1665,Hatchback,5,19.5,5,5,Manual,251,2
1084,942263,2523,4,60,Diesel,1880,4107,1745,SUV,5,9.4,5,7,Manual,1702,0
1085,917055,2523,4,60,Diesel,1880,4107,1745,SUV,5,12.3,5,7,Manual,389,0
1086,860720,2523,4,60,Diesel,1880,4107,1745,SUV,5,12.3,5,7,Manual,389,0
1087,815883,2523,4,60,Diesel,1910,4221,1745,SUV,5,9.4,5,7,Manual,389,0
1088,773678,2523,4,60,Diesel,1910,4221,1745,SUV,5,9.4,5,7,Manual,389,0
1089,1102689,1248,4,43,Diesel,1485,4490,1730,Sedan,4,28.09,5,5,Manual,510,2
1090,919689,1248,4,43,Diesel,1485,4490,1730,Sedan,4,28.09,5,5,Manual,510,2
1091,980689,1248,4,43,Diesel,1485,4490,1730,Sedan,4,28.09,5,5,Manual,510,2
1092,1062689,1248,4,43,Diesel,1485,4490,1730,Sedan,4,28.09,5,5,Manual,510,2
1093,819689,1462,4,43,Petrol,1485,4490,1730,Sedan,4,93.25,5,5,Manual,510,2
1094,881689,1462,4,43,Petrol,1485,4490,1730,Sedan,4,93.25,5,5,Manual,510,2
1095,958689,1462,4,43,Petrol,1485,4490,1730,Sedan,4,21.56,5,5,Manual,510,2
1096,997689,1462,4,43,Petrol,1485,4490,1730,Sedan,4,93.25,5,5,Manual,510,2
1097,980689,1462,4,43,Petrol,1485,4490,1730,Sedan,4,93.25,4,5,Automatic,510,2
1098,1058688,1462,4,43,Petrol,1485,4490,1730,Sedan,4,93.25,4,5,Automatic,510,2
1099,1098689,1462,4,43,Petrol,1485,4490,1730,Sedan,4,93.25,4,5,Automatic,510,2
1100,1138189,1498,4,43,Diesel,1485,4490,1730,Sedan,4,26.82,6,5,Manual,510,2
1101,997689,1498,4,43,Diesel,1485,4490,1730,Sedan,4,26032,6,5,Manual,510,2
1102,1109189,1498,4,43,Diesel,1485,4490,1730,Sedan,4,26.32,6,5,Manual,510,2
1103,998599,1598,4,55,Petrol,1466,4413,1699,Sedan,4,12,5,5,Manual,460,2
1104,1006139,1498,4,55,Diesel,1466,4413,1699,Sedan,4,14.5,5,5,Manual,460,2
1105,881916,1598,4,55,Petrol,1466,4413,1699,Sedan,4,12,5,5,Manual,460,2
1106,1129599,1498,4,55,Diesel,1466,4413,1699,Sedan,4,14.5,5,5,Manual,460,2
1107,1249599,1498,4,55,Diesel,1466,4413,1699,Sedan,4,14.5,7,5,Automatic,460,2
1108,1243599,1598,4,55,Petrol,1466,4413,1699,Sedan,4,12,7,5,Automatic,460,2
1109,1399599,1498,4,55,Diesel,1466,4413,1699,Sedan,4,18,5,5,Automatic,460,2
1110,1273599,1498,4,55,Diesel,1466,4413,1699,Sedan,4,18,5,5,Manual,460,2
1111,1115599,1598,4,55,Petrol,1466,4413,1699,Sedan,4,12,5,5,Manual,460,2
1112,999599,1598,4,55,Petrol,1466,4413,1699,Sedan,4,12,5,5,Automatic,460,2
1113,975599,1598,4,55,Petrol,1466,4413,1699,Sedan,4,12,5,5,Manual,460,2
1114,1099599,1598,4,55,Petrol,1466,4413,1699,Sedan,4,12,7,5,Automatic,460,2
1115,1158599,1498,4,55,Diesel,1466,4413,1699,Sedan,4,18,5,5,Manual,460,2
1116,1273599,1498,4,55,Diesel,1466,4413,1699,Sedan,4,18,5,5,Automatic,460,2
1117,980970,1368,4,52,Petrol,1505,3989,1687,Hatchback,5,17,5,5,Manual,389,2
1118,999990,1396,4,55,Diesel,1630,4270,1780,SUV,5,21.38,6,5,Manual,475,2
1119,999990,1591,4,55,Petrol,1630,4270,1780,SUV,5,15.29,6,5,Manual,475,2
1120,1232534,1591,4,55,Petrol,1630,4270,1780,SUV,5,15.29,6,5,Manual,475,2
1121,1394437,1591,4,55,Petrol,1630,4270,1780,SUV,5,15.29,6,5,Manual,475,6
1122,1377363,1591,4,55,Petrol,1630,4270,1780,SUV,5,15.29,6,5,Automatic,475,2
1123,1287041,1591,4,55,Petrol,1630,4270,1780,SUV,5,15.29,6,5,Automatic,475,2
1124,1197919,1396,4,55,Diesel,1630,4270,1780,SUV,5,21.38,6,5,Manual,475,2
1125,1366797,1582,4,55,Diesel,1630,4270,1780,SUV,5,17.01,6,5,Manual,475,2
1126,1543564,1582,4,55,Diesel,1630,4270,1780,SUV,5,17.01,6,5,Manual,475,6
1127,1527395,1582,4,55,Diesel,1630,4270,1780,SUV,5,17.01,6,5,Automatic,475,2
1128,1421208,1582,4,55,Diesel,1630,4270,1780,SUV,5,17.01,6,5,Manual,475,2
1129,1336033,1582,4,55,Diesel,1630,4270,1780,SUV,5,17.01,6,5,Automatic,475,2
1130,1422937,1591,4,55,Petrol,1630,4270,1780,SUV,5,15.29,6,5,Manual,475,6
1131,1572064,1582,4,55,Diesel,1630,4270,1780,SUV,5,17.01,6,5,Manual,475,6
1132,1107167,1396,4,55,Diesel,1630,4270,1780,SUV,5,21.38,6,5,Manual,475,2
1133,1092192,1591,4,55,Petrol,1630,4270,1780,SUV,5,15.29,6,5,Manual,475,2
1134,1279983,1591,4,55,Petrol,1630,4270,1780,SUV,5,15.29,6,5,Manual,400,2
1135,1414247,1582,4,55,Diesel,1665,4270,1780,SUV,5,93.25,6,5,Manual,400,2
1136,1345363,1956,3,50,Diesel,1706,4598,1894,SUV,5,93.25,6,5,Manual,425,2
1137,1471368,1956,3,50,Diesel,1706,4598,1894,SUV,5,93.25,6,5,Manual,425,2
1138,1591368,1956,3,50,Diesel,1706,4598,1894,Hatchback,5,93.25,6,5,Manual,425,2
1139,1721368,1956,3,50,Diesel,1706,4598,1894,Hatchback,5,93.25,6,5,Manual,425,2
1140,1732231,1956,3,50,Diesel,1706,4598,1894,Hatchback,5,93.25,6,5,Manual,425,2
1141,1730755,1956,3,50,Diesel,1706,4598,1894,Hatchback,5,93.25,6,5,Manual,425,2
1142,1654783,2499,4,52,Diesel,1840,5295,1860,Pick-up,4,7.3,5,5,Manual,389,2
1143,1806813,2499,4,52,Diesel,1840,5295,1860,Pick-up,4,7.3,5,5,Manual,389,2
1144,1999000,1898,4,52,Diesel,1855,5295,1860,Pick-up,4,7.3,6,5,Automatic,265,6
1145,2693000,2360,4,60,Petrol,1710,4695,1810,SUV,5,93.25,6,7,Automatic,389,7
1146,3438000,1991,4,50,Petrol,1494,4424,1804,SUV,5,10,7,5,Automatic,421,6
1147,3233000,2143,4,70,Diesel,1494,4424,1804,SUV,5,13.4,7,5,Automatic,421,6
1148,3564000,2143,4,70,Diesel,1494,4424,1804,SUV,5,13.4,7,5,Automatic,421,6
1149,7784944,1991,4,50,Petrol,1479,4445,1804,SUV,5,10.2,7,5,Automatic,421,6
1150,3864000,2143,4,70,Diesel,1494,4424,1804,SUV,5,13.4,7,5,Automatic,421,6
1151,8067000,1991,4,50,Petrol,1479,4445,1804,SUV,5,10.2,7,5,Automatic,421,6
1152,4321237,1993,4,60,Hybrid,1464,4933,1849,Sedan,4,21,5,5,Automatic,400,6
1153,5930000,1995,4,70,Diesel,1464,4907,1860,Sedan,4,8.4,8,5,Automatic,520,8
1154,6680000,2993,6,70,Diesel,1464,4907,1860,Sedan,4,13.1,8,5,Automatic,520,8
1155,5980000,1998,6,70,Petrol,1464,4907,1860,Sedan,4,15.01,8,5,Automatic,520,8
1156,6890000,2993,6,88,Diesel,1481,5219,2142,Sedan,4,93.25,8,4,Automatic,389,6
1157,7450000,2993,6,88,Diesel,1481,5219,2142,Sedan,4,93.25,8,4,Automatic,389,6
1158,6440000,4395,8,70,Petrol,1369,4894,1894,Coupe,2,4.45,8,4,Automatic,389,6
1159,6440000,1995,4,66,Diesel,1538,5091,1902,Sedan,4,93.25,8,4,Automatic,610,8
1160,8503000,2995,6,65,Petrol,1624,4696,1923,SUV,5,93.25,7,5,Automatic,500,6
1161,6998000,1984,6,65,Petrol,1624,4696,1923,SUV,5,93.25,7,5,Automatic,500,8
1162,23659454,5000,4,52,Petrol,1308,4470,1923,Convertible,4,12.05,8,5,Automatic,389,0
1163,22155390,5000,6,72,Petrol,1308,4470,2042,Coupe,2,7.81,8,2,Automatic,200.5,2
1164,26501830,5000,8,70,Petrol,1311,4475,2042,Coupe,2,93.25,8,2,Automatic,310,6
1165,28004965,5000,8,70,Petrol,1311,4475,2042,Convertible,2,93.25,8,2,Automatic,207,6
1166,9092578,1997,6,63,Petrol,1311,4482,1923,Coupe,2,93.25,8,2,Automatic,310,2
1167,10144987,1997,6,63,Petrol,1308,4482,1923,Convertible,2,93.25,8,2,Automatic,207,2
1168,10419200,1997,8,63,Petrol,1308,4482,1923,Convertible,2,93.25,8,2,Automatic,207,2
1169,9366433,1997,4,63,Petrol,1311,4482,1923,Coupe,2,93.25,8,2,Automatic,310,2
1170,15490000,4395,8,68,Petrol,1473,4956,1903,Sedan,4,93.25,8,4,Automatic,530,9
1171,23290000,5700,4,93,Diesel,1865,5080,1980,SUV,4,18,6,7,Automatic,389,10
1172,43367500,3902,8,86,Petrol,1211,4568,1952,Coupe Convertible,2,3.2,7,2,Automatic,230,2
1173,479000,998,3,32,Petrol,1675,3655,1620,Hatchback,5,93.25,5,5,Manual,341,1
1174,526000,998,3,32,Petrol,1675,3655,1620,Hatchback,5,93.25,5,5,Automatic,341,1
1175,548000,1197,3,32,Petrol,1620,3655,1675,Hatchback,5,93.25,5,5,Manual,341,2
1176,434000,998,3,32,Petrol,1675,3655,1620,Hatchback,5,93.25,5,5,Manual,341,1
1177,513501,1197,3,32,Petrol,1675,3655,1620,Hatchback,5,93.25,5,5,Manual,341,1
1178,560500,1197,3,32,Petrol,1675,3655,1620,Hatchback,5,93.25,5,5,Automatic,341,1
1179,594800,1197,3,32,Petrol,1675,3655,1620,Hatchback,5,93.25,5,5,Automatic,341,2
1180,441000,998,3,32,Petrol,1675,3655,1620,Hatchback,5,93.25,5,5,Manual,341,2
1181,486001,998,3,32,Petrol,1675,3655,1620,Hatchback,5,93.25,5,5,Manual,341,2
1182,520500,1197,3,32,Petrol,1675,3655,1620,Hatchback,5,93.25,5,5,Manual,341,2
1183,567500,1197,3,32,Petrol,1675,3655,1620,Hatchback,5,93.25,5,5,Automatic,341,2
1184,533000,998,3,32,Petrol,1675,3655,1620,Hatchback,5,93.25,5,5,Automatic,341,2
1185,500500,998,3,32,CNG,1675,3655,1620,Hatchback,5,93.25,5,5,Manual,341,1
1186,507500,998,3,32,CNG,1675,3655,1620,Hatchback,5,93.25,5,5,Manual,341,2
1187,594993,1199,3,35,Petrol,1587,3793,1665,Crossover,5,93.25,5,5,Manual,242,2
1188,689993,1047,3,35,Diesel,1587,3793,1665,Crossover,5,93.25,5,5,Manual,242,2
1189,639993,1199,3,35,Petrol,1587,3793,1665,Crossover,5,93.25,5,5,AMT,242,2
1190,797802,1493,3,60,Diesel,1870,3985,1850,SUV,5,13.8,5,7,Manual,412,0
1191,905642,1493,3,60,Diesel,1870,3985,1850,SUV,5,13.8,5,7,Manual,412,2
1192,984818,1493,3,60,Diesel,1870,3985,1850,SUV,5,13.8,5,7,Manual,412,2
1193,832415,1493,3,52,Diesel,1870,3985,1850,SUV,5,13.8,5,7,Manual,412,2
1194,972359,1493,3,60,Diesel,1870,3985,1850,SUV,5,12.8,5,7,Automatic,412,2
1195,1048603,1493,3,60,Diesel,1870,3985,1850,SUV,5,12.8,5,7,Automatic,412,2
1196,955000,1498,4,50,Petrol,1651,4384,1813,SUV,5,93.25,6,5,Manual,400,2
1197,1095000,1498,4,50,Petrol,1651,4384,1813,SUV,5,93.25,6,5,Manual,400,2
1198,1109000,1461,4,50,Diesel,1651,4384,1813,SUV,5,93.25,6,5,Manual,400,2
1199,1251000,1461,4,50,Diesel,1651,4384,1813,SUV,5,93.25,6,5,Manual,400,2
1200,1369000,1461,4,50,Diesel,1651,4384,1813,SUV,5,93.25,6,5,Manual,400,2
1201,1465000,1461,4,50,Diesel,1651,4384,1813,SUV,5,93.25,6,5,Manual,400,2
1202,1465000,1461,4,50,Diesel,1651,4384,1813,SUV,5,93.25,6,5,Manual,400,7
1203,989000,1461,4,50,Diesel,1651,4384,1813,SUV,5,93.25,6,5,Manual,400,2
1204,1205000,2200,4,60,Diesel,2670,5458,1905,MUV,5,93.25,5,16,Manual,389,0
1205,2371858,1859,4,52,Electric,1570,4180,1800,SUV,5,93.25,0,4,Automatic,389,6
1206,3788000,2487,4,50,Hybrid,1455,4885,1840,Sedan,4,93.25,5,5,Automatic,389,9
1207,6061200,1968,4,52,Diesel,1386,4733,1843,Sedan,4,93.25,7,5,Automatic,54,6
1208,10205494,2993,6,85,Diesel,1846,4988,2200,SUV,5,93.25,8,7,Automatic,258,8
1209,9689321,2993,6,85,Diesel,1846,4988,2200,SUV,5,93.25,8,7,Automatic,258,8
1210,8433741,2995,6,89,Petrol,1846,4988,2200,SUV,5,93.25,8,7,Automatic,258,8
1211,8077550,2995,6,89,Petrol,1846,4988,2200,SUV,5,93.25,8,7,Automatic,258,8
1212,8877094,2993,6,85,Diesel,1846,4988,2200,SUV,5,93.25,8,7,Automatic,258,8
1213,7693664,2995,6,89,Petrol,1846,4988,2200,SUV,5,93.25,8,7,Automatic,258,8
1214,10861088,2993,6,85,Diesel,1846,4988,2200,SUV,5,93.25,8,7,Automatic,258,8
1215,8937846,2995,6,89,Petrol,1846,4988,2200,SUV,5,93.25,8,7,Automatic,258,8
1216,18221000,3456,6,82,Hybrid,1450,5235,1900,SUV,4,93.25,5,5,Automatic,430,14
1217,18736000,3456,6,82,Hybrid,1450,5235,1900,SUV,4,93.25,5,5,Automatic,430,14
1218,19371000,3456,6,82,Hybrid,1450,5235,1900,SUV,4,93.25,5,5,Automatic,430,14
1219,95000000,6749,12,100,Petrol,1638,5842,1990,Sedan,4,10.2,8,5,Automatic,460,6
1220,75400000,6749,12,100,Petrol,1640,6092,1990,Sedan,4,10.2,8,5,Automatic,460,6
1221,535562,1172,4,45,Petrol,1525,3989,1687,Hatchback,5,15.8,5,5,Manual,280,0
1222,631292,1172,4,45,Diesel,1525,3989,1687,Hatchback,5,212,5,5,Manual,280,1
1223,692655,1248,4,45,Diesel,1525,3989,1687,Hatchback,5,212,5,5,Manual,280,0
1224,747774,1248,4,45,Diesel,1525,3989,1687,Hatchback,5,212,5,5,Manual,280,2
1225,940000,1496,4,42,Petrol,1495,4425,1730,Sedan,4,93.25,6,5,Manual,476,7
1226,1055000,1496,4,42,Petrol,1495,4425,1730,Sedan,4,93.25,6,5,Manual,476,7
1227,1174000,1498,4,42,Petrol,1495,4425,1730,Sedan,4,93.25,6,5,Manual,476,7
1228,1418000,1496,4,42,Petrol,1495,4425,1730,Sedan,4,93.25,7,5,Automatic,476,7
1229,1175000,1496,4,42,Petrol,1495,4425,1730,Sedan,4,93.25,7,5,Automatic,476,7
1230,1010000,1496,4,42,Petrol,1495,4425,1730,Sedan,4,93.25,7,5,Automatic,476,7
1231,1294000,1496,4,42,Petrol,1495,4425,1730,Sedan,4,93.25,7,5,Automatic,476,7
1232,1296000,1496,4,42,Petrol,1495,4425,1730,Sedan,4,93.25,6,5,Manual,476,7
1233,1197000,1498,4,42,Petrol,1495,4425,1730,Sedan,4,93.25,6,5,Manual,476,7
1234,876000,1496,4,42,Petrol,1495,4425,1730,Sedan,4,93.25,6,5,Manual,476,3
1235,974000,1496,4,42,Petrol,1495,4425,1730,Sedan,4,93.25,6,5,Manual,476,3
1236,935000,1496,4,42,Petrol,1495,4425,1730,Sedan,4,93.25,6,5,Automatic,476,3
1237,1083000,1496,4,42,Petrol,1495,4425,1730,Sedan,4,93.25,6,5,Automatic,476,3
1238,1317000,1498,4,42,Petrol,1495,4425,1730,Sedan,4,93.25,6,5,Automatic,476,7
1239,1599599,1395,4,50,Petrol,1476,4670,1814,Sedan,4,93.25,6,5,Manual,590,4
1240,1799599,1968,4,50,Diesel,1476,4670,1814,Sedan,4,93.25,6,5,Manual,590,4
1241,1899599,1395,4,50,Petrol,1476,4670,1814,Sedan,4,93.25,6,5,Manual,590,6
1242,2059599,1798,4,50,Petrol,1476,4670,1814,Sedan,4,93.25,7,5,Automatic,590,6
1243,2079599,1968,4,50,Diesel,1476,4670,1814,Sedan,4,93.25,6,5,Manual,590,6
1244,2299599,1968,4,50,Diesel,1476,4670,1814,Sedan,4,93.25,6,5,Automatic,590,6
1245,2359599,1798,4,50,Petrol,1476,4670,1814,Sedan,4,93.25,7,5,Automatic,590,6
1246,2359599,1968,4,50,Diesel,1476,4670,1814,Sedan,4,93.25,6,5,Automatic,590,6
1247,1549000,1395,4,50,Petrol,1476,4670,1814,Sedan,4,93.25,6,5,Manual,590,6
1248,1699000,1968,4,50,Diesel,1476,4670,1814,Sedan,4,93.25,6,5,Manual,590,6
1249,1999599,1798,4,50,Petrol,1476,4670,1814,Sedan,4,93.25,7,5,Automatic,590,6
1250,2199599,1968,4,50,Diesel,1476,4670,1814,Sedan,4,93.25,6,5,Automatic,590,6
1251,5275000,1991,4,66,Petrol,1644,4658,1890,SUV,5,93.25,9,5,Automatic,580,7
1252,5775000,1950,4,50,Diesel,1644,4658,1890,SUV,5,93.25,9,5,Automatic,580,7
1253,13151000,2995,6,75,Petrol,1676,4931,2194,SUV,5,93.25,8,5,Automatic,625,10
1254,19763000,2995,8,90,Petrol,1676,4931,2194,SUV,5,93.25,8,5,Automatic,598,10
1255,748370,1461,4,50,Diesel,1540,4277,1740,Sedan,4,18,5,5,Manual,510,0
1256,772617,1461,4,50,Diesel,1540,4277,1740,Sedan,4,18,5,5,Manual,330,0
1257,845154,1461,4,50,Diesel,1540,4277,1740,Sedan,4,18,5,5,Manual,330,0
1258,2903750,2477,4,70,Diesel,1840,4695,1815,SUV,5,6.5,5,7,Manual,389,2
1259,2835500,2477,4,70,Diesel,1840,4695,1815,SUV,5,6.5,5,7,Automatic,389,2
1260,2953240,2477,4,70,Diesel,1840,4695,1815,SUV,5,6.5,5,7,Manual,389,2
1261,2992800,2477,4,70,Diesel,1840,4695,1815,SUV,5,6.5,5,7,Manual,389,2
1262,2952500,2477,4,70,Diesel,1840,4695,1815,SUV,5,6.5,5,7,Automatic,389,2
1263,34167064,3993,8,90,Petrol,1488,5299,2207,Sedan,4,2,8,4,Automatic,475,6
1264,39382083,5998,12,90,Petrol,1488,5299,2207,Sedan,4,2,8,4,Automatic,475,6
1265,991000,1497,4,40,Petrol,1495,4440,1695,Sedan,4,14.3,5,5,Manual,510,2
1266,1065900,1497,4,40,Petrol,1495,4440,1695,Sedan,4,14.3,5,5,Manual,510,2
1267,1182000,1497,4,40,Petrol,1495,4440,1695,Sedan,4,14.3,5,5,Manual,510,2
1268,1312000,1497,4,40,Petrol,1495,4440,1695,Sedan,4,14.3,5,5,Automatic,510,2
1269,1111000,1498,4,40,Diesel,1495,4440,1695,Sedan,4,22.6,6,5,Manual,510,2
1270,1191000,1498,4,40,Diesel,1495,4440,1695,Sedan,4,22.6,6,5,Manual,510,2
1271,1302000,1498,4,40,Diesel,1495,4440,1695,Sedan,4,22.6,6,5,Manual,510,2
1272,1421000,1498,4,40,Diesel,1495,4440,1695,Sedan,4,22.6,6,5,Manual,510,6
1273,1431000,1497,4,40,Petrol,1495,4440,1695,Sedan,4,18,5,5,Automatic,510,6
1274,1201000,1497,4,40,Petrol,1495,4440,1695,Sedan,4,14.3,5,5,Automatic,510,2
1275,6862560,3200,4,88,Diesel,1900,4900,1875,SUV,5,8.25,5,7,Automatic,1050,6
